0 verbose cli /usr/local/bin/node /usr/local/bin/npm
1 info using npm@11.13.0
2 info using node@v24.17.0
3 silly config load:file:/usr/local/lib/node_modules/npm/npmrc
4 silly config load:file:/Users/thavish/.gemini/antigravity/scratch/college-placement-portal/.npmrc
5 silly config load:file:/Users/thavish/.npmrc
6 silly config load:file:/usr/local/etc/npmrc
7 verbose title npm install
8 verbose argv "install" "--cache" "./npm-cache"
9 verbose logfile logs-max:10 dir:/Users/thavish/.gemini/antigravity/scratch/college-placement-portal/npm-cache/_logs/2026-07-02T17_21_28_183Z-
10 verbose logfile /Users/thavish/.gemini/antigravity/scratch/college-placement-portal/npm-cache/_logs/2026-07-02T17_21_28_183Z-debug-0.log
11 silly logfile done cleaning log files
12 silly packumentCache heap:2348810240 maxSize:587202560 maxEntrySize:293601280
13 silly idealTree buildDeps
14 silly fetch manifest @headlessui/react@^2.1.2
15 silly packumentCache full:https://registry.npmjs.org/@headlessui%2freact cache-miss
16 http fetch GET 200 https://registry.npmjs.org/@headlessui%2freact 255ms (cache miss)
17 silly packumentCache full:https://registry.npmjs.org/@headlessui%2freact set size:undefined disposed:false
18 silly fetch manifest react@^18.3.1
19 silly packumentCache full:https://registry.npmjs.org/react cache-miss
20 http fetch GET 200 https://registry.npmjs.org/npm 289ms
21 http fetch GET 200 https://registry.npmjs.org/react 359ms (cache miss)
22 silly packumentCache full:https://registry.npmjs.org/react set size:undefined disposed:false
23 silly fetch manifest react-dom@^18.3.1
24 silly packumentCache full:https://registry.npmjs.org/react-dom cache-miss
25 http fetch GET 200 https://registry.npmjs.org/react-dom 320ms (cache miss)
26 silly packumentCache full:https://registry.npmjs.org/react-dom set size:undefined disposed:false
27 silly fetch manifest firebase@^10.12.2
28 silly packumentCache full:https://registry.npmjs.org/firebase cache-miss
29 http fetch GET 200 https://registry.npmjs.org/firebase 815ms (cache miss)
30 silly packumentCache full:https://registry.npmjs.org/firebase set size:undefined disposed:false
31 silly fetch manifest framer-motion@^11.2.10
32 silly packumentCache full:https://registry.npmjs.org/framer-motion cache-miss
33 http fetch GET 200 https://registry.npmjs.org/framer-motion 216ms (cache miss)
34 silly packumentCache full:https://registry.npmjs.org/framer-motion set size:undefined disposed:false
35 silly fetch manifest @emotion/is-prop-valid@*
36 silly packumentCache full:https://registry.npmjs.org/@emotion%2fis-prop-valid cache-miss
37 http fetch GET 200 https://registry.npmjs.org/@emotion%2fis-prop-valid 43ms (cache miss)
38 silly packumentCache full:https://registry.npmjs.org/@emotion%2fis-prop-valid set size:undefined disposed:false
39 silly fetch manifest lucide-react@^0.395.0
40 silly packumentCache full:https://registry.npmjs.org/lucide-react cache-miss
41 http fetch GET 200 https://registry.npmjs.org/lucide-react 306ms (cache miss)
42 silly packumentCache full:https://registry.npmjs.org/lucide-react set size:undefined disposed:false
43 silly fetch manifest react-hook-form@^7.51.5
44 silly packumentCache full:https://registry.npmjs.org/react-hook-form cache-miss
45 http fetch GET 200 https://registry.npmjs.org/react-hook-form 286ms (cache miss)
46 silly packumentCache full:https://registry.npmjs.org/react-hook-form set size:undefined disposed:false
47 silly fetch manifest react-hot-toast@^2.4.1
48 silly packumentCache full:https://registry.npmjs.org/react-hot-toast cache-miss
49 http fetch GET 200 https://registry.npmjs.org/react-hot-toast 30ms (cache miss)
50 silly packumentCache full:https://registry.npmjs.org/react-hot-toast set size:undefined disposed:false
51 silly fetch manifest react-router-dom@^6.23.1
52 silly packumentCache full:https://registry.npmjs.org/react-router-dom cache-miss
53 http fetch GET 200 https://registry.npmjs.org/react-router-dom 171ms (cache miss)
54 silly packumentCache full:https://registry.npmjs.org/react-router-dom set size:undefined disposed:false
55 silly fetch manifest recharts@^2.12.7
56 silly packumentCache full:https://registry.npmjs.org/recharts cache-miss
57 http fetch GET 200 https://registry.npmjs.org/recharts 61ms (cache miss)
58 silly packumentCache full:https://registry.npmjs.org/recharts set size:undefined disposed:false
59 silly fetch manifest @types/react@^18.3.3
60 silly packumentCache full:https://registry.npmjs.org/@types%2freact cache-miss
61 http fetch GET 200 https://registry.npmjs.org/@types%2freact 145ms (cache miss)
62 silly packumentCache full:https://registry.npmjs.org/@types%2freact set size:undefined disposed:false
63 silly fetch manifest @types/react-dom@^18.3.0
64 silly packumentCache full:https://registry.npmjs.org/@types%2freact-dom cache-miss
65 http fetch GET 200 https://registry.npmjs.org/@types%2freact-dom 48ms (cache miss)
66 silly packumentCache full:https://registry.npmjs.org/@types%2freact-dom set size:undefined disposed:false
67 silly fetch manifest @vitejs/plugin-react@^4.3.0
68 silly packumentCache full:https://registry.npmjs.org/@vitejs%2fplugin-react cache-miss
69 http fetch GET 200 https://registry.npmjs.org/@vitejs%2fplugin-react 50ms (cache miss)
70 silly packumentCache full:https://registry.npmjs.org/@vitejs%2fplugin-react set size:undefined disposed:false
71 silly fetch manifest vite@^5.3.1
72 silly packumentCache full:https://registry.npmjs.org/vite cache-miss
73 http fetch GET 200 https://registry.npmjs.org/vite 1347ms (cache miss)
74 silly packumentCache full:https://registry.npmjs.org/vite set size:undefined disposed:false
75 silly fetch manifest @types/node@^18.0.0 || >=20.0.0
76 silly packumentCache full:https://registry.npmjs.org/@types%2fnode cache-miss
77 http fetch GET 200 https://registry.npmjs.org/@types%2fnode 352ms (cache miss)
78 silly packumentCache full:https://registry.npmjs.org/@types%2fnode set size:undefined disposed:false
79 silly fetch manifest less@*
80 silly packumentCache full:https://registry.npmjs.org/less cache-miss
81 http fetch GET 200 https://registry.npmjs.org/less 42ms (cache miss)
82 silly packumentCache full:https://registry.npmjs.org/less set size:undefined disposed:false
83 silly fetch manifest lightningcss@^1.21.0
84 silly packumentCache full:https://registry.npmjs.org/lightningcss cache-miss
85 http fetch GET 200 https://registry.npmjs.org/lightningcss 30ms (cache miss)
86 silly packumentCache full:https://registry.npmjs.org/lightningcss set size:undefined disposed:false
87 silly fetch manifest sass@*
88 silly packumentCache full:https://registry.npmjs.org/sass cache-miss
89 http fetch GET 200 https://registry.npmjs.org/sass 54ms (cache miss)
90 silly packumentCache full:https://registry.npmjs.org/sass set size:undefined disposed:false
91 silly fetch manifest sass-embedded@*
92 silly packumentCache full:https://registry.npmjs.org/sass-embedded cache-miss
93 http fetch GET 200 https://registry.npmjs.org/sass-embedded 45ms (cache miss)
94 silly packumentCache full:https://registry.npmjs.org/sass-embedded set size:undefined disposed:false
95 silly fetch manifest stylus@*
96 silly packumentCache full:https://registry.npmjs.org/stylus cache-miss
97 http fetch GET 200 https://registry.npmjs.org/stylus 34ms (cache miss)
98 silly packumentCache full:https://registry.npmjs.org/stylus set size:undefined disposed:false
99 silly fetch manifest sugarss@*
100 silly packumentCache full:https://registry.npmjs.org/sugarss cache-miss
101 http fetch GET 200 https://registry.npmjs.org/sugarss 36ms (cache miss)
102 silly packumentCache full:https://registry.npmjs.org/sugarss set size:undefined disposed:false
103 silly fetch manifest postcss@^8.4.38
104 silly packumentCache full:https://registry.npmjs.org/postcss cache-miss
105 http fetch GET 200 https://registry.npmjs.org/postcss 49ms (cache miss)
106 silly packumentCache full:https://registry.npmjs.org/postcss set size:undefined disposed:false
107 silly fetch manifest terser@^5.4.0
108 silly packumentCache full:https://registry.npmjs.org/terser cache-miss
109 http fetch GET 200 https://registry.npmjs.org/terser 64ms (cache miss)
110 silly packumentCache full:https://registry.npmjs.org/terser set size:undefined disposed:false
111 silly fetch manifest autoprefixer@^10.4.19
112 silly packumentCache full:https://registry.npmjs.org/autoprefixer cache-miss
113 http fetch GET 200 https://registry.npmjs.org/autoprefixer 56ms (cache miss)
114 silly packumentCache full:https://registry.npmjs.org/autoprefixer set size:undefined disposed:false
115 silly fetch manifest tailwindcss@^3.4.4
116 silly packumentCache full:https://registry.npmjs.org/tailwindcss cache-miss
117 http fetch GET 200 https://registry.npmjs.org/tailwindcss 374ms (cache miss)
118 silly packumentCache full:https://registry.npmjs.org/tailwindcss set size:undefined disposed:false
119 silly fetch manifest typescript@^5.2.2
120 silly packumentCache full:https://registry.npmjs.org/typescript cache-miss
121 http fetch GET 200 https://registry.npmjs.org/typescript 488ms (cache miss)
122 silly packumentCache full:https://registry.npmjs.org/typescript set size:undefined disposed:false
123 silly placeDep ROOT @headlessui/react@2.2.10 OK for: college-placement-portal@1.0.0 want: ^2.1.2
124 silly placeDep ROOT react@18.3.1 OK for: @headlessui/react@2.2.10 want: ^18 || ^19 || ^19.0.0-rc
125 silly placeDep ROOT react-dom@18.3.1 OK for: @headlessui/react@2.2.10 want: ^18 || ^19 || ^19.0.0-rc
126 silly placeDep ROOT @types/react@18.3.31 OK for: college-placement-portal@1.0.0 want: ^18.3.3
127 silly placeDep ROOT @types/react-dom@18.3.7 OK for: college-placement-portal@1.0.0 want: ^18.3.0
128 silly placeDep ROOT @vitejs/plugin-react@4.7.0 OK for: college-placement-portal@1.0.0 want: ^4.3.0
129 silly placeDep ROOT vite@5.4.21 OK for: @vitejs/plugin-react@4.7.0 want: ^4.2.0 || ^5.0.0 || ^6.0.0 || ^7.0.0
130 silly placeDep ROOT autoprefixer@10.5.2 OK for: college-placement-portal@1.0.0 want: ^10.4.19
131 silly placeDep ROOT postcss@8.5.16 OK for: autoprefixer@10.5.2 want: ^8.1.0
132 silly placeDep ROOT firebase@10.14.1 OK for: college-placement-portal@1.0.0 want: ^10.12.2
133 silly placeDep ROOT framer-motion@11.18.2 OK for: college-placement-portal@1.0.0 want: ^11.2.10
134 silly placeDep ROOT lucide-react@0.395.0 OK for: college-placement-portal@1.0.0 want: ^0.395.0
135 silly placeDep ROOT react-hook-form@7.80.0 OK for: college-placement-portal@1.0.0 want: ^7.51.5
136 silly placeDep ROOT react-hot-toast@2.6.0 OK for: college-placement-portal@1.0.0 want: ^2.4.1
137 silly placeDep ROOT react-router-dom@6.30.4 OK for: college-placement-portal@1.0.0 want: ^6.23.1
138 silly placeDep ROOT recharts@2.15.4 OK for: college-placement-portal@1.0.0 want: ^2.12.7
139 silly placeDep ROOT tailwindcss@3.4.19 OK for: college-placement-portal@1.0.0 want: ^3.4.4
140 silly placeDep ROOT typescript@5.9.3 OK for: college-placement-portal@1.0.0 want: ^5.2.2
141 silly fetch manifest @react-aria/focus@^3.20.2
142 silly packumentCache full:https://registry.npmjs.org/@react-aria%2ffocus cache-miss
143 silly fetch manifest @floating-ui/react@^0.26.16
144 silly packumentCache full:https://registry.npmjs.org/@floating-ui%2freact cache-miss
145 silly fetch manifest @tanstack/react-virtual@^3.13.9
146 silly packumentCache full:https://registry.npmjs.org/@tanstack%2freact-virtual cache-miss
147 silly fetch manifest use-sync-external-store@^1.5.0
148 silly packumentCache full:https://registry.npmjs.org/use-sync-external-store cache-miss
149 silly fetch manifest @react-aria/interactions@^3.25.0
150 silly packumentCache full:https://registry.npmjs.org/@react-aria%2finteractions cache-miss
151 silly fetch manifest scheduler@^0.23.2
152 silly packumentCache full:https://registry.npmjs.org/scheduler cache-miss
153 silly fetch manifest loose-envify@^1.1.0
154 silly packumentCache full:https://registry.npmjs.org/loose-envify cache-miss
155 http fetch GET 200 https://registry.npmjs.org/@floating-ui%2freact 47ms (cache miss)
156 silly packumentCache full:https://registry.npmjs.org/@floating-ui%2freact set size:undefined disposed:false
157 silly fetch manifest loose-envify@^1.1.0
158 silly packumentCache full:https://registry.npmjs.org/loose-envify cache-miss
159 http fetch GET 200 https://registry.npmjs.org/loose-envify 32ms (cache miss)
160 silly packumentCache full:https://registry.npmjs.org/loose-envify set size:undefined disposed:false
161 silly fetch manifest csstype@^3.2.2
162 silly packumentCache full:https://registry.npmjs.org/csstype cache-miss
163 http fetch GET 200 https://registry.npmjs.org/loose-envify 86ms (cache miss)
164 silly packumentCache full:https://registry.npmjs.org/loose-envify set size:undefined disposed:false
165 silly fetch manifest @types/prop-types@*
166 silly packumentCache full:https://registry.npmjs.org/@types%2fprop-types cache-miss
167 http fetch GET 200 https://registry.npmjs.org/@types%2fprop-types 43ms (cache miss)
168 silly packumentCache full:https://registry.npmjs.org/@types%2fprop-types set size:undefined disposed:false
169 silly fetch manifest @babel/core@^7.28.0
170 silly packumentCache full:https://registry.npmjs.org/@babel%2fcore cache-miss
171 http fetch GET 200 https://registry.npmjs.org/csstype 68ms (cache miss)
172 silly packumentCache full:https://registry.npmjs.org/csstype set size:undefined disposed:false
173 silly fetch manifest react-refresh@^0.17.0
174 silly packumentCache full:https://registry.npmjs.org/react-refresh cache-miss
175 http fetch GET 200 https://registry.npmjs.org/@react-aria%2ffocus 466ms (cache miss)
176 silly packumentCache full:https://registry.npmjs.org/@react-aria%2ffocus set size:undefined disposed:false
177 silly fetch manifest @types/babel__core@^7.20.5
178 silly packumentCache full:https://registry.npmjs.org/@types%2fbabel__core cache-miss
179 http fetch GET 200 https://registry.npmjs.org/@types%2fbabel__core 39ms (cache miss)
180 silly packumentCache full:https://registry.npmjs.org/@types%2fbabel__core set size:undefined disposed:false
181 silly fetch manifest @rolldown/pluginutils@1.0.0-beta.27
182 silly packumentCache full:https://registry.npmjs.org/@rolldown%2fpluginutils cache-miss
183 http fetch GET 200 https://registry.npmjs.org/@rolldown%2fpluginutils 50ms (cache miss)
184 silly packumentCache full:https://registry.npmjs.org/@rolldown%2fpluginutils set size:undefined disposed:false
185 silly fetch manifest @babel/plugin-transform-react-jsx-self@^7.27.1
186 silly packumentCache full:https://registry.npmjs.org/@babel%2fplugin-transform-react-jsx-self cache-miss
187 http fetch GET 200 https://registry.npmjs.org/@babel%2fcore 460ms (cache miss)
188 silly packumentCache full:https://registry.npmjs.org/@babel%2fcore set size:undefined disposed:false
189 silly fetch manifest @babel/plugin-transform-react-jsx-source@^7.27.1
190 silly packumentCache full:https://registry.npmjs.org/@babel%2fplugin-transform-react-jsx-source cache-miss
191 http fetch GET 200 https://registry.npmjs.org/@babel%2fplugin-transform-react-jsx-self 42ms (cache miss)
192 silly packumentCache full:https://registry.npmjs.org/@babel%2fplugin-transform-react-jsx-self set size:undefined disposed:false
193 silly fetch manifest rollup@^4.20.0
194 silly packumentCache full:https://registry.npmjs.org/rollup cache-miss
195 http fetch GET 200 https://registry.npmjs.org/@tanstack%2freact-virtual 657ms (cache miss)
196 silly packumentCache full:https://registry.npmjs.org/@tanstack%2freact-virtual set size:undefined disposed:false
197 silly fetch manifest esbuild@^0.21.3
198 silly packumentCache full:https://registry.npmjs.org/esbuild cache-miss
199 http fetch GET 200 https://registry.npmjs.org/@babel%2fplugin-transform-react-jsx-source 381ms (cache miss)
200 silly packumentCache full:https://registry.npmjs.org/@babel%2fplugin-transform-react-jsx-source set size:undefined disposed:false
201 silly fetch manifest postcss@^8.4.43
202 silly packumentCache full:https://registry.npmjs.org/postcss cache-miss
203 http cache https://registry.npmjs.org/postcss 8ms (cache hit)
204 silly packumentCache full:https://registry.npmjs.org/postcss set size:726591 disposed:false
205 silly fetch manifest fsevents@~2.3.3
206 silly packumentCache full:https://registry.npmjs.org/fsevents cache-miss
207 http fetch GET 200 https://registry.npmjs.org/fsevents 98ms (cache miss)
208 silly packumentCache full:https://registry.npmjs.org/fsevents set size:undefined disposed:false
209 silly fetch manifest picocolors@^1.1.1
210 silly packumentCache full:https://registry.npmjs.org/picocolors cache-miss
211 http fetch GET 200 https://registry.npmjs.org/react-refresh 1070ms (cache miss)
212 silly packumentCache full:https://registry.npmjs.org/react-refresh set size:undefined disposed:false
213 silly fetch manifest fraction.js@^5.3.4
214 silly packumentCache full:https://registry.npmjs.org/fraction.js cache-miss
215 http fetch GET 200 https://registry.npmjs.org/@react-aria%2finteractions 1300ms (cache miss)
216 silly packumentCache full:https://registry.npmjs.org/@react-aria%2finteractions set size:undefined disposed:false
217 silly fetch manifest browserslist@^4.28.4
218 silly packumentCache full:https://registry.npmjs.org/browserslist cache-miss
219 http fetch GET 200 https://registry.npmjs.org/rollup 714ms (cache miss)
220 silly packumentCache full:https://registry.npmjs.org/rollup set size:undefined disposed:false
221 silly fetch manifest caniuse-lite@^1.0.30001799
222 silly packumentCache full:https://registry.npmjs.org/caniuse-lite cache-miss
223 http fetch GET 200 https://registry.npmjs.org/picocolors 278ms (cache miss)
224 silly packumentCache full:https://registry.npmjs.org/picocolors set size:undefined disposed:false
225 silly fetch manifest postcss-value-parser@^4.2.0
226 silly packumentCache full:https://registry.npmjs.org/postcss-value-parser cache-miss
227 http fetch GET 200 https://registry.npmjs.org/postcss-value-parser 44ms (cache miss)
228 silly packumentCache full:https://registry.npmjs.org/postcss-value-parser set size:undefined disposed:false
229 silly fetch manifest nanoid@^3.3.12
230 silly packumentCache full:https://registry.npmjs.org/nanoid cache-miss
231 http fetch GET 200 https://registry.npmjs.org/fraction.js 275ms (cache miss)
232 silly packumentCache full:https://registry.npmjs.org/fraction.js set size:undefined disposed:false
233 silly fetch manifest source-map-js@^1.2.1
234 silly packumentCache full:https://registry.npmjs.org/source-map-js cache-miss
235 http fetch GET 200 https://registry.npmjs.org/browserslist 235ms (cache miss)
236 silly packumentCache full:https://registry.npmjs.org/browserslist set size:undefined disposed:false
237 silly fetch manifest @firebase/app@0.10.13
238 silly packumentCache full:https://registry.npmjs.org/@firebase%2fapp cache-miss
239 http fetch GET 200 https://registry.npmjs.org/nanoid 204ms (cache miss)
240 silly packumentCache full:https://registry.npmjs.org/nanoid set size:undefined disposed:false
241 silly fetch manifest @firebase/auth@1.7.9
242 silly packumentCache full:https://registry.npmjs.org/@firebase%2fauth cache-miss
243 http fetch GET 200 https://registry.npmjs.org/caniuse-lite 304ms (cache miss)
244 silly packumentCache full:https://registry.npmjs.org/caniuse-lite set size:undefined disposed:false
245 silly fetch manifest @firebase/util@1.10.0
246 silly packumentCache full:https://registry.npmjs.org/@firebase%2futil cache-miss
247 http fetch GET 200 https://registry.npmjs.org/esbuild 1112ms (cache miss)
248 silly packumentCache full:https://registry.npmjs.org/esbuild set size:undefined disposed:false
249 silly fetch manifest @firebase/storage@0.13.2
250 silly packumentCache full:https://registry.npmjs.org/@firebase%2fstorage cache-miss
251 http fetch GET 200 https://registry.npmjs.org/source-map-js 281ms (cache miss)
252 silly packumentCache full:https://registry.npmjs.org/source-map-js set size:undefined disposed:false
253 silly fetch manifest @firebase/database@1.0.8
254 silly packumentCache full:https://registry.npmjs.org/@firebase%2fdatabase cache-miss
255 http fetch GET 200 https://registry.npmjs.org/use-sync-external-store 1881ms (cache miss)
256 silly packumentCache full:https://registry.npmjs.org/use-sync-external-store set size:undefined disposed:false
257 silly fetch manifest @firebase/analytics@0.10.8
258 silly packumentCache full:https://registry.npmjs.org/@firebase%2fanalytics cache-miss
259 http fetch GET 200 https://registry.npmjs.org/scheduler 2020ms (cache miss)
260 silly packumentCache full:https://registry.npmjs.org/scheduler set size:undefined disposed:false
261 silly fetch manifest @firebase/app-check@0.8.8
262 silly packumentCache full:https://registry.npmjs.org/@firebase%2fapp-check cache-miss
263 http fetch GET 200 https://registry.npmjs.org/@firebase%2fapp-check 1313ms (cache miss)
264 silly packumentCache full:https://registry.npmjs.org/@firebase%2fapp-check set size:undefined disposed:false
265 silly fetch manifest @firebase/app-types@0.9.2
266 silly packumentCache full:https://registry.npmjs.org/@firebase%2fapp-types cache-miss
267 http fetch GET 200 https://registry.npmjs.org/@firebase%2fdatabase 2667ms (cache miss)
268 silly packumentCache full:https://registry.npmjs.org/@firebase%2fdatabase set size:undefined disposed:false
269 silly fetch manifest @firebase/firestore@4.7.3
270 silly packumentCache full:https://registry.npmjs.org/@firebase%2ffirestore cache-miss
271 http fetch GET 200 https://registry.npmjs.org/@firebase%2fauth 3823ms (cache miss)
272 silly packumentCache full:https://registry.npmjs.org/@firebase%2fauth set size:undefined disposed:false
273 silly fetch manifest @firebase/functions@0.11.8
274 silly packumentCache full:https://registry.npmjs.org/@firebase%2ffunctions cache-miss
275 http fetch GET 200 https://registry.npmjs.org/@firebase%2fapp 4395ms (cache miss)
276 silly packumentCache full:https://registry.npmjs.org/@firebase%2fapp set size:undefined disposed:false
277 silly fetch manifest @firebase/messaging@0.12.12
278 silly packumentCache full:https://registry.npmjs.org/@firebase%2fmessaging cache-miss
279 http fetch GET 200 https://registry.npmjs.org/@firebase%2fstorage 4297ms (cache miss)
280 silly packumentCache full:https://registry.npmjs.org/@firebase%2fstorage set size:undefined disposed:false
281 silly fetch manifest @firebase/app-compat@0.2.43
282 silly packumentCache full:https://registry.npmjs.org/@firebase%2fapp-compat cache-miss
283 http fetch GET 200 https://registry.npmjs.org/@firebase%2fapp-types 3630ms (cache miss)
284 silly packumentCache full:https://registry.npmjs.org/@firebase%2fapp-types set size:undefined disposed:false
285 silly fetch manifest @firebase/auth-compat@0.5.14
286 silly packumentCache full:https://registry.npmjs.org/@firebase%2fauth-compat cache-miss
287 http fetch GET 200 https://registry.npmjs.org/@firebase%2fapp-compat 1289ms (cache miss)
288 silly packumentCache full:https://registry.npmjs.org/@firebase%2fapp-compat set size:undefined disposed:false
289 silly fetch manifest @firebase/performance@0.6.9
290 silly packumentCache full:https://registry.npmjs.org/@firebase%2fperformance cache-miss
291 http fetch GET 200 https://registry.npmjs.org/@firebase%2futil 5954ms (cache miss)
292 silly packumentCache full:https://registry.npmjs.org/@firebase%2futil set size:undefined disposed:false
293 silly fetch manifest @firebase/data-connect@0.1.0
294 silly packumentCache full:https://registry.npmjs.org/@firebase%2fdata-connect cache-miss
295 http fetch GET 200 https://registry.npmjs.org/@firebase%2fdata-connect 654ms (cache miss)
296 silly packumentCache full:https://registry.npmjs.org/@firebase%2fdata-connect set size:undefined disposed:false
297 silly fetch manifest @firebase/installations@0.6.9
298 silly packumentCache full:https://registry.npmjs.org/@firebase%2finstallations cache-miss
299 http fetch GET 200 https://registry.npmjs.org/@firebase%2fmessaging 3301ms (cache miss)
300 silly packumentCache full:https://registry.npmjs.org/@firebase%2fmessaging set size:undefined disposed:false
301 silly fetch manifest @firebase/remote-config@0.4.9
302 silly packumentCache full:https://registry.npmjs.org/@firebase%2fremote-config cache-miss
303 http fetch GET 200 https://registry.npmjs.org/@firebase%2fperformance 2240ms (cache miss)
304 silly packumentCache full:https://registry.npmjs.org/@firebase%2fperformance set size:undefined disposed:false
305 silly fetch manifest @firebase/storage-compat@0.3.12
306 silly packumentCache full:https://registry.npmjs.org/@firebase%2fstorage-compat cache-miss
307 http fetch GET 200 https://registry.npmjs.org/@firebase%2fauth-compat 2813ms (cache miss)
308 silly packumentCache full:https://registry.npmjs.org/@firebase%2fauth-compat set size:undefined disposed:false
309 silly fetch manifest @firebase/database-compat@1.0.8
310 silly packumentCache full:https://registry.npmjs.org/@firebase%2fdatabase-compat cache-miss
311 http fetch GET 200 https://registry.npmjs.org/@firebase%2ffirestore 5968ms (cache miss)
312 silly packumentCache full:https://registry.npmjs.org/@firebase%2ffirestore set size:undefined disposed:false
313 silly fetch manifest @firebase/analytics-compat@0.2.14
314 silly packumentCache full:https://registry.npmjs.org/@firebase%2fanalytics-compat cache-miss
315 http fetch GET 200 https://registry.npmjs.org/@firebase%2fanalytics 8955ms (cache miss)
316 silly packumentCache full:https://registry.npmjs.org/@firebase%2fanalytics set size:undefined disposed:false
317 silly fetch manifest @firebase/app-check-compat@0.3.15
318 silly packumentCache full:https://registry.npmjs.org/@firebase%2fapp-check-compat cache-miss
319 http fetch GET 200 https://registry.npmjs.org/@firebase%2fdatabase-compat 1226ms (cache miss)
320 silly packumentCache full:https://registry.npmjs.org/@firebase%2fdatabase-compat set size:undefined disposed:false
321 silly fetch manifest @firebase/firestore-compat@0.3.38
322 silly packumentCache full:https://registry.npmjs.org/@firebase%2ffirestore-compat cache-miss
323 http fetch GET 200 https://registry.npmjs.org/@firebase%2fstorage-compat 1423ms (cache miss)
324 silly packumentCache full:https://registry.npmjs.org/@firebase%2fstorage-compat set size:undefined disposed:false
325 silly fetch manifest @firebase/functions-compat@0.3.14
326 silly packumentCache full:https://registry.npmjs.org/@firebase%2ffunctions-compat cache-miss
327 http fetch GET 200 https://registry.npmjs.org/@firebase%2ffunctions 5773ms (cache miss)
328 silly packumentCache full:https://registry.npmjs.org/@firebase%2ffunctions set size:undefined disposed:false
329 silly fetch manifest @firebase/messaging-compat@0.2.12
330 silly packumentCache full:https://registry.npmjs.org/@firebase%2fmessaging-compat cache-miss
331 http fetch GET 200 https://registry.npmjs.org/@firebase%2finstallations 3002ms (cache miss)
332 silly packumentCache full:https://registry.npmjs.org/@firebase%2finstallations set size:undefined disposed:false
333 silly fetch manifest @firebase/vertexai-preview@0.0.4
334 silly packumentCache full:https://registry.npmjs.org/@firebase%2fvertexai-preview cache-miss
335 http fetch GET 200 https://registry.npmjs.org/@firebase%2fremote-config 2502ms (cache miss)
336 silly packumentCache full:https://registry.npmjs.org/@firebase%2fremote-config set size:undefined disposed:false
337 silly fetch manifest @firebase/performance-compat@0.2.9
338 silly packumentCache full:https://registry.npmjs.org/@firebase%2fperformance-compat cache-miss
339 http fetch GET 200 https://registry.npmjs.org/@firebase%2fvertexai-preview 558ms (cache miss)
340 silly packumentCache full:https://registry.npmjs.org/@firebase%2fvertexai-preview set size:undefined disposed:false
341 silly fetch manifest @firebase/installations-compat@0.2.9
342 silly packumentCache full:https://registry.npmjs.org/@firebase%2finstallations-compat cache-miss
343 http fetch GET 200 https://registry.npmjs.org/@firebase%2ffirestore-compat 790ms (cache miss)
344 silly packumentCache full:https://registry.npmjs.org/@firebase%2ffirestore-compat set size:undefined disposed:false
345 silly fetch manifest @firebase/remote-config-compat@0.2.9
346 silly packumentCache full:https://registry.npmjs.org/@firebase%2fremote-config-compat cache-miss
347 http fetch GET 200 https://registry.npmjs.org/@firebase%2fanalytics-compat 1392ms (cache miss)
348 silly packumentCache full:https://registry.npmjs.org/@firebase%2fanalytics-compat set size:undefined disposed:false
349 silly fetch manifest tslib@^2.4.0
350 silly packumentCache full:https://registry.npmjs.org/tslib cache-miss
351 http fetch GET 200 https://registry.npmjs.org/tslib 59ms (cache miss)
352 silly packumentCache full:https://registry.npmjs.org/tslib set size:undefined disposed:false
353 silly fetch manifest motion-dom@^11.18.1
354 silly packumentCache full:https://registry.npmjs.org/motion-dom cache-miss
355 http fetch GET 200 https://registry.npmjs.org/motion-dom 200ms (cache miss)
356 silly packumentCache full:https://registry.npmjs.org/motion-dom set size:undefined disposed:false
357 silly fetch manifest motion-utils@^11.18.1
358 silly packumentCache full:https://registry.npmjs.org/motion-utils cache-miss
359 http fetch GET 200 https://registry.npmjs.org/@firebase%2fapp-check-compat 1403ms (cache miss)
360 silly packumentCache full:https://registry.npmjs.org/@firebase%2fapp-check-compat set size:undefined disposed:false
361 silly fetch manifest csstype@^3.1.3
362 silly packumentCache full:https://registry.npmjs.org/csstype cache-miss
363 http cache https://registry.npmjs.org/csstype 7ms (cache hit)
364 silly packumentCache full:https://registry.npmjs.org/csstype set size:274189 disposed:false
365 silly fetch manifest goober@^2.1.16
366 silly packumentCache full:https://registry.npmjs.org/goober cache-miss
367 http fetch GET 200 https://registry.npmjs.org/motion-utils 82ms (cache miss)
368 silly packumentCache full:https://registry.npmjs.org/motion-utils set size:undefined disposed:false
369 silly fetch manifest react-router@6.30.4
370 silly packumentCache full:https://registry.npmjs.org/react-router cache-miss
371 http fetch GET 200 https://registry.npmjs.org/@firebase%2ffunctions-compat 1358ms (cache miss)
372 silly packumentCache full:https://registry.npmjs.org/@firebase%2ffunctions-compat set size:undefined disposed:false
373 silly fetch manifest @remix-run/router@1.23.3
374 silly packumentCache full:https://registry.npmjs.org/@remix-run%2frouter cache-miss
375 http fetch GET 200 https://registry.npmjs.org/goober 450ms (cache miss)
376 silly packumentCache full:https://registry.npmjs.org/goober set size:undefined disposed:false
377 silly fetch manifest clsx@^2.0.0
378 silly packumentCache full:https://registry.npmjs.org/clsx cache-miss
379 http fetch GET 200 https://registry.npmjs.org/@remix-run%2frouter 327ms (cache miss)
380 silly packumentCache full:https://registry.npmjs.org/@remix-run%2frouter set size:undefined disposed:false
381 silly fetch manifest lodash@^4.17.21
382 silly packumentCache full:https://registry.npmjs.org/lodash cache-miss
383 http fetch GET 200 https://registry.npmjs.org/@firebase%2fremote-config-compat 1036ms (cache miss)
384 silly packumentCache full:https://registry.npmjs.org/@firebase%2fremote-config-compat set size:undefined disposed:false
385 silly fetch manifest react-is@^18.3.1
386 silly packumentCache full:https://registry.npmjs.org/react-is cache-miss
387 http fetch GET 200 https://registry.npmjs.org/lodash 136ms (cache miss)
388 silly packumentCache full:https://registry.npmjs.org/lodash set size:undefined disposed:false
389 silly fetch manifest react-smooth@^4.0.4
390 silly packumentCache full:https://registry.npmjs.org/react-smooth cache-miss
391 http fetch GET 200 https://registry.npmjs.org/@firebase%2finstallations-compat 1131ms (cache miss)
392 silly packumentCache full:https://registry.npmjs.org/@firebase%2finstallations-compat set size:undefined disposed:false
393 silly fetch manifest eventemitter3@^4.0.1
394 silly packumentCache full:https://registry.npmjs.org/eventemitter3 cache-miss
395 http fetch GET 200 https://registry.npmjs.org/clsx 290ms (cache miss)
396 silly packumentCache full:https://registry.npmjs.org/clsx set size:undefined disposed:false
397 silly fetch manifest recharts-scale@^0.4.4
398 silly packumentCache full:https://registry.npmjs.org/recharts-scale cache-miss
399 http fetch GET 200 https://registry.npmjs.org/react-smooth 71ms (cache miss)
400 silly packumentCache full:https://registry.npmjs.org/react-smooth set size:undefined disposed:false
401 silly fetch manifest tiny-invariant@^1.3.1
402 silly packumentCache full:https://registry.npmjs.org/tiny-invariant cache-miss
403 http fetch GET 200 https://registry.npmjs.org/recharts-scale 35ms (cache miss)
404 silly packumentCache full:https://registry.npmjs.org/recharts-scale set size:undefined disposed:false
405 silly fetch manifest victory-vendor@^36.6.8
406 silly packumentCache full:https://registry.npmjs.org/victory-vendor cache-miss
407 http fetch GET 200 https://registry.npmjs.org/eventemitter3 43ms (cache miss)
408 silly packumentCache full:https://registry.npmjs.org/eventemitter3 set size:undefined disposed:false
409 silly fetch manifest arg@^5.0.2
410 silly packumentCache full:https://registry.npmjs.org/arg cache-miss
411 http fetch GET 200 https://registry.npmjs.org/tiny-invariant 46ms (cache miss)
412 silly packumentCache full:https://registry.npmjs.org/tiny-invariant set size:undefined disposed:false
413 silly fetch manifest dlv@^1.1.3
414 silly packumentCache full:https://registry.npmjs.org/dlv cache-miss
415 http fetch GET 200 https://registry.npmjs.org/arg 40ms (cache miss)
416 silly packumentCache full:https://registry.npmjs.org/arg set size:undefined disposed:false
417 silly fetch manifest jiti@^1.21.7
418 silly packumentCache full:https://registry.npmjs.org/jiti cache-miss
419 http fetch GET 200 https://registry.npmjs.org/victory-vendor 53ms (cache miss)
420 silly packumentCache full:https://registry.npmjs.org/victory-vendor set size:undefined disposed:false
421 silly fetch manifest is-glob@^4.0.3
422 silly packumentCache full:https://registry.npmjs.org/is-glob cache-miss
423 http fetch GET 200 https://registry.npmjs.org/is-glob 85ms (cache miss)
424 silly packumentCache full:https://registry.npmjs.org/is-glob set size:undefined disposed:false
425 silly fetch manifest resolve@^1.22.8
426 silly packumentCache full:https://registry.npmjs.org/resolve cache-miss
427 http fetch GET 200 https://registry.npmjs.org/jiti 104ms (cache miss)
428 silly packumentCache full:https://registry.npmjs.org/jiti set size:undefined disposed:false
429 silly fetch manifest sucrase@^3.35.0
430 silly packumentCache full:https://registry.npmjs.org/sucrase cache-miss
431 http fetch GET 200 https://registry.npmjs.org/dlv 246ms (cache miss)
432 silly packumentCache full:https://registry.npmjs.org/dlv set size:undefined disposed:false
433 silly fetch manifest chokidar@^3.6.0
434 silly packumentCache full:https://registry.npmjs.org/chokidar cache-miss
435 http fetch GET 200 https://registry.npmjs.org/react-router 1104ms (cache miss)
436 silly packumentCache full:https://registry.npmjs.org/react-router set size:undefined disposed:false
437 silly fetch manifest fast-glob@^3.3.2
438 silly packumentCache full:https://registry.npmjs.org/fast-glob cache-miss
439 http fetch GET 200 https://registry.npmjs.org/chokidar 108ms (cache miss)
440 silly packumentCache full:https://registry.npmjs.org/chokidar set size:undefined disposed:false
441 silly fetch manifest lilconfig@^3.1.3
442 silly packumentCache full:https://registry.npmjs.org/lilconfig cache-miss
443 http fetch GET 200 https://registry.npmjs.org/resolve 329ms (cache miss)
444 silly packumentCache full:https://registry.npmjs.org/resolve set size:undefined disposed:false
445 silly fetch manifest didyoumean@^1.2.2
446 silly packumentCache full:https://registry.npmjs.org/didyoumean cache-miss
447 http fetch GET 200 https://registry.npmjs.org/fast-glob 123ms (cache miss)
448 silly packumentCache full:https://registry.npmjs.org/fast-glob set size:undefined disposed:false
449 silly fetch manifest micromatch@^4.0.8
450 silly packumentCache full:https://registry.npmjs.org/micromatch cache-miss
451 http fetch GET 200 https://registry.npmjs.org/react-is 620ms (cache miss)
452 silly packumentCache full:https://registry.npmjs.org/react-is set size:undefined disposed:false
453 silly fetch manifest postcss-js@^4.0.1
454 silly packumentCache full:https://registry.npmjs.org/postcss-js cache-miss
455 http fetch GET 200 https://registry.npmjs.org/didyoumean 60ms (cache miss)
456 silly packumentCache full:https://registry.npmjs.org/didyoumean set size:undefined disposed:false
457 silly fetch manifest glob-parent@^6.0.2
458 silly packumentCache full:https://registry.npmjs.org/glob-parent cache-miss
459 http fetch GET 200 https://registry.npmjs.org/sucrase 388ms (cache miss)
460 silly packumentCache full:https://registry.npmjs.org/sucrase set size:undefined disposed:false
461 silly fetch manifest object-hash@^3.0.0
462 silly packumentCache full:https://registry.npmjs.org/object-hash cache-miss
463 http fetch GET 200 https://registry.npmjs.org/postcss-js 46ms (cache miss)
464 silly packumentCache full:https://registry.npmjs.org/postcss-js set size:undefined disposed:false
465 silly fetch manifest normalize-path@^3.0.0
466 silly packumentCache full:https://registry.npmjs.org/normalize-path cache-miss
467 http fetch GET 200 https://registry.npmjs.org/glob-parent 46ms (cache miss)
468 silly packumentCache full:https://registry.npmjs.org/glob-parent set size:undefined disposed:false
469 silly fetch manifest postcss-import@^15.1.0
470 silly packumentCache full:https://registry.npmjs.org/postcss-import cache-miss
471 http fetch GET 200 https://registry.npmjs.org/micromatch 123ms (cache miss)
472 silly packumentCache full:https://registry.npmjs.org/micromatch set size:undefined disposed:false
473 silly fetch manifest postcss-nested@^6.2.0
474 silly packumentCache full:https://registry.npmjs.org/postcss-nested cache-miss
475 http fetch GET 200 https://registry.npmjs.org/lilconfig 304ms (cache miss)
476 silly packumentCache full:https://registry.npmjs.org/lilconfig set size:undefined disposed:false
477 silly fetch manifest @alloc/quick-lru@^5.2.0
478 silly packumentCache full:https://registry.npmjs.org/@alloc%2fquick-lru cache-miss
479 http fetch GET 200 https://registry.npmjs.org/postcss-nested 74ms (cache miss)
480 silly packumentCache full:https://registry.npmjs.org/postcss-nested set size:undefined disposed:false
481 silly fetch manifest postcss-load-config@^4.0.2 || ^5.0 || ^6.0
482 silly packumentCache full:https://registry.npmjs.org/postcss-load-config cache-miss
483 http fetch GET 200 https://registry.npmjs.org/postcss-load-config 70ms (cache miss)
484 silly packumentCache full:https://registry.npmjs.org/postcss-load-config set size:undefined disposed:false
485 silly fetch manifest postcss-selector-parser@^6.1.2
486 silly packumentCache full:https://registry.npmjs.org/postcss-selector-parser cache-miss
487 http fetch GET 200 https://registry.npmjs.org/@firebase%2fperformance-compat 1968ms (cache miss)
488 silly packumentCache full:https://registry.npmjs.org/@firebase%2fperformance-compat set size:undefined disposed:false
489 http fetch GET 200 https://registry.npmjs.org/object-hash 286ms (cache miss)
490 silly packumentCache full:https://registry.npmjs.org/object-hash set size:undefined disposed:false
491 http fetch GET 200 https://registry.npmjs.org/postcss-import 275ms (cache miss)
492 silly packumentCache full:https://registry.npmjs.org/postcss-import set size:undefined disposed:false
493 http fetch GET 200 https://registry.npmjs.org/@alloc%2fquick-lru 177ms (cache miss)
494 silly packumentCache full:https://registry.npmjs.org/@alloc%2fquick-lru set size:undefined disposed:false
495 http fetch GET 200 https://registry.npmjs.org/postcss-selector-parser 105ms (cache miss)
496 silly packumentCache full:https://registry.npmjs.org/postcss-selector-parser set size:undefined disposed:false
497 http fetch GET 200 https://registry.npmjs.org/normalize-path 349ms (cache miss)
498 silly packumentCache full:https://registry.npmjs.org/normalize-path set size:undefined disposed:false
499 http fetch GET 200 https://registry.npmjs.org/@firebase%2fmessaging-compat 3248ms (cache miss)
500 silly packumentCache full:https://registry.npmjs.org/@firebase%2fmessaging-compat set size:undefined disposed:false
501 silly fetch manifest react@^18 || ^19 || ^19.0.0-rc
502 silly packumentCache full:https://registry.npmjs.org/react cache-miss
503 http cache https://registry.npmjs.org/react 21ms (cache hit)
504 silly packumentCache full:https://registry.npmjs.org/react set size:6760698 disposed:false
505 silly fetch manifest react-dom@^18 || ^19 || ^19.0.0-rc
506 silly packumentCache full:https://registry.npmjs.org/react-dom cache-miss
507 http cache https://registry.npmjs.org/react-dom 15ms (cache hit)
508 silly packumentCache full:https://registry.npmjs.org/react-dom set size:9047674 disposed:false
509 silly placeDep ROOT @floating-ui/react@0.26.28 OK for: @headlessui/react@2.2.10 want: ^0.26.16
510 silly placeDep ROOT @react-aria/focus@3.22.1 OK for: @headlessui/react@2.2.10 want: ^3.20.2
511 silly placeDep ROOT @react-aria/interactions@3.28.1 OK for: @headlessui/react@2.2.10 want: ^3.25.0
512 silly placeDep ROOT @tanstack/react-virtual@3.14.5 OK for: @headlessui/react@2.2.10 want: ^3.13.9
513 silly placeDep ROOT use-sync-external-store@1.6.0 OK for: @headlessui/react@2.2.10 want: ^1.5.0
514 silly fetch manifest tabbable@^6.0.0
515 silly packumentCache full:https://registry.npmjs.org/tabbable cache-miss
516 silly fetch manifest @floating-ui/utils@^0.2.8
517 silly packumentCache full:https://registry.npmjs.org/@floating-ui%2futils cache-miss
518 silly fetch manifest @floating-ui/react-dom@^2.1.2
519 silly packumentCache full:https://registry.npmjs.org/@floating-ui%2freact-dom cache-miss
520 silly fetch manifest @swc/helpers@^0.5.0
521 silly packumentCache full:https://registry.npmjs.org/@swc%2fhelpers cache-miss
522 silly fetch manifest react-aria@^3.48.0
523 silly packumentCache full:https://registry.npmjs.org/react-aria cache-miss
524 silly fetch manifest @react-types/shared@^3.34.0
525 silly packumentCache full:https://registry.npmjs.org/@react-types%2fshared cache-miss
526 silly fetch manifest @swc/helpers@^0.5.0
527 silly packumentCache full:https://registry.npmjs.org/@swc%2fhelpers cache-miss
528 http fetch GET 200 https://registry.npmjs.org/tabbable 54ms (cache miss)
529 silly packumentCache full:https://registry.npmjs.org/tabbable set size:undefined disposed:false
530 silly fetch manifest react-aria@^3.48.0
531 silly packumentCache full:https://registry.npmjs.org/react-aria cache-miss
532 http fetch GET 200 https://registry.npmjs.org/@swc%2fhelpers 122ms (cache miss)
533 silly packumentCache full:https://registry.npmjs.org/@swc%2fhelpers set size:undefined disposed:false
534 silly fetch manifest @tanstack/virtual-core@3.17.3
535 silly packumentCache full:https://registry.npmjs.org/@tanstack%2fvirtual-core cache-miss
536 http fetch GET 200 https://registry.npmjs.org/@floating-ui%2freact-dom 224ms (cache miss)
537 silly packumentCache full:https://registry.npmjs.org/@floating-ui%2freact-dom set size:undefined disposed:false
538 http fetch GET 200 https://registry.npmjs.org/@swc%2fhelpers 314ms (cache miss)
539 silly packumentCache full:https://registry.npmjs.org/@swc%2fhelpers set size:undefined disposed:false
540 http fetch GET 200 https://registry.npmjs.org/@tanstack%2fvirtual-core 253ms (cache miss)
541 silly packumentCache full:https://registry.npmjs.org/@tanstack%2fvirtual-core set size:undefined disposed:false
542 http fetch GET 200 https://registry.npmjs.org/@floating-ui%2futils 443ms (cache miss)
543 silly packumentCache full:https://registry.npmjs.org/@floating-ui%2futils set size:undefined disposed:false
544 http fetch GET 200 https://registry.npmjs.org/react-aria 404ms (cache miss)
545 silly packumentCache full:https://registry.npmjs.org/react-aria set size:undefined disposed:false
546 http fetch GET 200 https://registry.npmjs.org/@react-types%2fshared 634ms (cache miss)
547 silly packumentCache full:https://registry.npmjs.org/@react-types%2fshared set size:undefined disposed:false
548 http fetch GET 200 https://registry.npmjs.org/react-aria 906ms (cache miss)
549 silly packumentCache full:https://registry.npmjs.org/react-aria set size:undefined disposed:false
550 silly fetch manifest react@>=16.8.0
551 silly packumentCache full:https://registry.npmjs.org/react cache-miss
552 http cache https://registry.npmjs.org/react 18ms (cache hit)
553 silly packumentCache full:https://registry.npmjs.org/react set size:6760698 disposed:false
554 silly fetch manifest react-dom@>=16.8.0
555 silly packumentCache full:https://registry.npmjs.org/react-dom cache-miss
556 http cache https://registry.npmjs.org/react-dom 12ms (cache hit)
557 silly packumentCache full:https://registry.npmjs.org/react-dom set size:9047674 disposed:false
558 silly placeDep ROOT @floating-ui/react-dom@2.1.8 OK for: @floating-ui/react@0.26.28 want: ^2.1.2
559 silly placeDep ROOT @floating-ui/utils@0.2.11 OK for: @floating-ui/react@0.26.28 want: ^0.2.8
560 silly placeDep ROOT tabbable@6.5.0 OK for: @floating-ui/react@0.26.28 want: ^6.0.0
561 silly fetch manifest @floating-ui/dom@^1.7.6
562 silly packumentCache full:https://registry.npmjs.org/@floating-ui%2fdom cache-miss
563 http fetch GET 200 https://registry.npmjs.org/@floating-ui%2fdom 235ms (cache miss)
564 silly packumentCache full:https://registry.npmjs.org/@floating-ui%2fdom set size:undefined disposed:false
565 silly placeDep ROOT @floating-ui/dom@1.7.6 OK for: @floating-ui/react-dom@2.1.8 want: ^1.7.6
566 silly fetch manifest @floating-ui/core@^1.7.5
567 silly packumentCache full:https://registry.npmjs.org/@floating-ui%2fcore cache-miss
568 http fetch GET 200 https://registry.npmjs.org/@floating-ui%2fcore 150ms (cache miss)
569 silly packumentCache full:https://registry.npmjs.org/@floating-ui%2fcore set size:undefined disposed:false
570 silly placeDep ROOT @floating-ui/core@1.7.5 OK for: @floating-ui/dom@1.7.6 want: ^1.7.5
571 silly fetch manifest react@^16.8.0 || ^17.0.0-rc.1 || ^18.0.0 || ^19.0.0-rc.1
572 silly packumentCache full:https://registry.npmjs.org/react cache-miss
573 http cache https://registry.npmjs.org/react 17ms (cache hit)
574 silly packumentCache full:https://registry.npmjs.org/react set size:6760698 disposed:false
575 silly fetch manifest react-dom@^16.8.0 || ^17.0.0-rc.1 || ^18.0.0 || ^19.0.0-rc.1
576 silly packumentCache full:https://registry.npmjs.org/react-dom cache-miss
577 http cache https://registry.npmjs.org/react-dom 15ms (cache hit)
578 silly packumentCache full:https://registry.npmjs.org/react-dom set size:9047674 disposed:false
579 silly placeDep ROOT @swc/helpers@0.5.23 OK for: @react-aria/focus@3.22.1 want: ^0.5.0
580 silly placeDep ROOT react-aria@3.50.0 OK for: @react-aria/focus@3.22.1 want: ^3.48.0
581 silly fetch manifest tslib@^2.8.0
582 silly packumentCache full:https://registry.npmjs.org/tslib cache-miss
583 silly fetch manifest @internationalized/date@^3.12.2
584 silly packumentCache full:https://registry.npmjs.org/@internationalized%2fdate cache-miss
585 silly fetch manifest @internationalized/number@^3.6.7
586 silly packumentCache full:https://registry.npmjs.org/@internationalized%2fnumber cache-miss
587 silly fetch manifest @internationalized/string@^3.2.9
588 silly packumentCache full:https://registry.npmjs.org/@internationalized%2fstring cache-miss
589 silly fetch manifest @react-types/shared@^3.36.0
590 silly packumentCache full:https://registry.npmjs.org/@react-types%2fshared cache-miss
591 silly fetch manifest aria-hidden@^1.2.3
592 silly packumentCache full:https://registry.npmjs.org/aria-hidden cache-miss
593 silly fetch manifest react-stately@3.48.0
594 silly packumentCache full:https://registry.npmjs.org/react-stately cache-miss
595 http cache https://registry.npmjs.org/tslib 6ms (cache hit)
596 silly packumentCache full:https://registry.npmjs.org/tslib set size:108843 disposed:false
597 http cache https://registry.npmjs.org/@react-types%2fshared 8ms (cache hit)
598 silly packumentCache full:https://registry.npmjs.org/@react-types%2fshared set size:2484738 disposed:false
599 http fetch GET 200 https://registry.npmjs.org/aria-hidden 31ms (cache miss)
600 silly packumentCache full:https://registry.npmjs.org/aria-hidden set size:undefined disposed:false
601 http fetch GET 200 https://registry.npmjs.org/react-stately 546ms (cache miss)
602 silly packumentCache full:https://registry.npmjs.org/react-stately set size:undefined disposed:false
603 http fetch GET 200 https://registry.npmjs.org/@internationalized%2fstring 1154ms (cache miss)
604 silly packumentCache full:https://registry.npmjs.org/@internationalized%2fstring set size:undefined disposed:false
605 http fetch GET 200 https://registry.npmjs.org/@internationalized%2fdate 1387ms (cache miss)
606 silly packumentCache full:https://registry.npmjs.org/@internationalized%2fdate set size:undefined disposed:false
607 http fetch GET 200 https://registry.npmjs.org/@internationalized%2fnumber 1451ms (cache miss)
608 silly packumentCache full:https://registry.npmjs.org/@internationalized%2fnumber set size:undefined disposed:false
609 silly placeDep ROOT @react-types/shared@3.36.0 OK for: @react-aria/interactions@3.28.1 want: ^3.34.0
610 silly placeDep ROOT tslib@2.8.1 OK for: @swc/helpers@0.5.23 want: ^2.8.0
611 silly placeDep ROOT @tanstack/virtual-core@3.17.3 OK for: @tanstack/react-virtual@3.14.5 want: 3.17.3
612 silly placeDep ROOT @types/prop-types@15.7.15 OK for: @types/react@18.3.31 want: *
613 silly placeDep ROOT csstype@3.2.3 OK for: @types/react@18.3.31 want: ^3.2.2
614 silly placeDep ROOT @babel/core@7.29.7 OK for: @vitejs/plugin-react@4.7.0 want: ^7.28.0
615 silly placeDep ROOT @babel/plugin-transform-react-jsx-self@7.29.7 OK for: @vitejs/plugin-react@4.7.0 want: ^7.27.1
616 silly placeDep ROOT @babel/plugin-transform-react-jsx-source@7.29.7 OK for: @vitejs/plugin-react@4.7.0 want: ^7.27.1
617 silly placeDep ROOT @rolldown/pluginutils@1.0.0-beta.27 OK for: @vitejs/plugin-react@4.7.0 want: 1.0.0-beta.27
618 silly placeDep ROOT @types/babel__core@7.20.5 OK for: @vitejs/plugin-react@4.7.0 want: ^7.20.5
619 silly placeDep ROOT react-refresh@0.17.0 OK for: @vitejs/plugin-react@4.7.0 want: ^0.17.0
620 silly fetch manifest debug@^4.1.0
621 silly packumentCache full:https://registry.npmjs.org/debug cache-miss
622 silly fetch manifest json5@^2.2.3
623 silly packumentCache full:https://registry.npmjs.org/json5 cache-miss
624 silly fetch manifest semver@^6.3.1
625 silly packumentCache full:https://registry.npmjs.org/semver cache-miss
626 silly fetch manifest gensync@^1.0.0-beta.2
627 silly packumentCache full:https://registry.npmjs.org/gensync cache-miss
628 silly fetch manifest @babel/types@^7.29.7
629 silly packumentCache full:https://registry.npmjs.org/@babel%2ftypes cache-miss
630 silly fetch manifest @babel/parser@^7.29.7
631 silly packumentCache full:https://registry.npmjs.org/@babel%2fparser cache-miss
632 silly fetch manifest @babel/helpers@^7.29.7
633 silly packumentCache full:https://registry.npmjs.org/@babel%2fhelpers cache-miss
634 http fetch GET 200 https://registry.npmjs.org/gensync 33ms (cache miss)
635 silly packumentCache full:https://registry.npmjs.org/gensync set size:undefined disposed:false
636 silly fetch manifest @babel/template@^7.29.7
637 silly packumentCache full:https://registry.npmjs.org/@babel%2ftemplate cache-miss
638 http fetch GET 200 https://registry.npmjs.org/semver 57ms (cache miss)
639 silly packumentCache full:https://registry.npmjs.org/semver set size:undefined disposed:false
640 silly fetch manifest @babel/traverse@^7.29.7
641 silly packumentCache full:https://registry.npmjs.org/@babel%2ftraverse cache-miss
642 http fetch GET 200 https://registry.npmjs.org/debug 69ms (cache miss)
643 silly packumentCache full:https://registry.npmjs.org/debug set size:undefined disposed:false
644 silly fetch manifest @babel/generator@^7.29.7
645 silly packumentCache full:https://registry.npmjs.org/@babel%2fgenerator cache-miss
646 http fetch GET 200 https://registry.npmjs.org/@babel%2ftypes 75ms (cache miss)
647 silly packumentCache full:https://registry.npmjs.org/@babel%2ftypes set size:undefined disposed:false
648 silly fetch manifest @babel/code-frame@^7.29.7
649 silly packumentCache full:https://registry.npmjs.org/@babel%2fcode-frame cache-miss
650 http fetch GET 200 https://registry.npmjs.org/json5 81ms (cache miss)
651 silly packumentCache full:https://registry.npmjs.org/json5 set size:undefined disposed:false
652 silly fetch manifest convert-source-map@^2.0.0
653 silly packumentCache full:https://registry.npmjs.org/convert-source-map cache-miss
654 http fetch GET 200 https://registry.npmjs.org/@babel%2fhelpers 96ms (cache miss)
655 silly packumentCache full:https://registry.npmjs.org/@babel%2fhelpers set size:undefined disposed:false
656 silly fetch manifest @jridgewell/remapping@^2.3.5
657 silly packumentCache full:https://registry.npmjs.org/@jridgewell%2fremapping cache-miss
658 http fetch GET 200 https://registry.npmjs.org/@babel%2fparser 128ms (cache miss)
659 silly packumentCache full:https://registry.npmjs.org/@babel%2fparser set size:undefined disposed:false
660 silly fetch manifest @babel/helper-module-transforms@^7.29.7
661 silly packumentCache full:https://registry.npmjs.org/@babel%2fhelper-module-transforms cache-miss
662 http fetch GET 200 https://registry.npmjs.org/@babel%2fcode-frame 55ms (cache miss)
663 silly packumentCache full:https://registry.npmjs.org/@babel%2fcode-frame set size:undefined disposed:false
664 silly fetch manifest @babel/helper-compilation-targets@^7.29.7
665 silly packumentCache full:https://registry.npmjs.org/@babel%2fhelper-compilation-targets cache-miss
666 http fetch GET 200 https://registry.npmjs.org/@babel%2ftraverse 79ms (cache miss)
667 silly packumentCache full:https://registry.npmjs.org/@babel%2ftraverse set size:undefined disposed:false
668 silly fetch manifest @babel/helper-plugin-utils@^7.29.7
669 silly packumentCache full:https://registry.npmjs.org/@babel%2fhelper-plugin-utils cache-miss
670 http fetch GET 200 https://registry.npmjs.org/@jridgewell%2fremapping 42ms (cache miss)
671 silly packumentCache full:https://registry.npmjs.org/@jridgewell%2fremapping set size:undefined disposed:false
672 silly fetch manifest @babel/helper-plugin-utils@^7.29.7
673 silly packumentCache full:https://registry.npmjs.org/@babel%2fhelper-plugin-utils cache-miss
674 http fetch GET 200 https://registry.npmjs.org/convert-source-map 61ms (cache miss)
675 silly packumentCache full:https://registry.npmjs.org/convert-source-map set size:undefined disposed:false
676 silly fetch manifest @babel/types@^7.20.7
677 silly packumentCache full:https://registry.npmjs.org/@babel%2ftypes cache-miss
678 http cache https://registry.npmjs.org/@babel%2ftypes 6ms (cache hit)
679 silly packumentCache full:https://registry.npmjs.org/@babel%2ftypes set size:498480 disposed:false
680 silly fetch manifest @babel/parser@^7.20.7
681 silly packumentCache full:https://registry.npmjs.org/@babel%2fparser cache-miss
682 http cache https://registry.npmjs.org/@babel%2fparser 2ms (cache hit)
683 silly packumentCache full:https://registry.npmjs.org/@babel%2fparser set size:732981 disposed:false
684 silly fetch manifest @types/babel__template@*
685 silly packumentCache full:https://registry.npmjs.org/@types%2fbabel__template cache-miss
686 http fetch GET 200 https://registry.npmjs.org/@babel%2fhelper-plugin-utils 46ms (cache miss)
687 silly packumentCache full:https://registry.npmjs.org/@babel%2fhelper-plugin-utils set size:undefined disposed:false
688 silly fetch manifest @types/babel__traverse@*
689 silly packumentCache full:https://registry.npmjs.org/@types%2fbabel__traverse cache-miss
690 http fetch GET 200 https://registry.npmjs.org/@babel%2fhelper-plugin-utils 66ms (cache miss)
691 silly packumentCache full:https://registry.npmjs.org/@babel%2fhelper-plugin-utils set size:undefined disposed:false
692 silly fetch manifest @types/babel__generator@*
693 silly packumentCache full:https://registry.npmjs.org/@types%2fbabel__generator cache-miss
694 http fetch GET 200 https://registry.npmjs.org/@types%2fbabel__template 53ms (cache miss)
695 silly packumentCache full:https://registry.npmjs.org/@types%2fbabel__template set size:undefined disposed:false
696 http fetch GET 200 https://registry.npmjs.org/@babel%2fhelper-module-transforms 78ms (cache miss)
697 silly packumentCache full:https://registry.npmjs.org/@babel%2fhelper-module-transforms set size:undefined disposed:false
698 http fetch GET 200 https://registry.npmjs.org/@types%2fbabel__generator 31ms (cache miss)
699 silly packumentCache full:https://registry.npmjs.org/@types%2fbabel__generator set size:undefined disposed:false
700 http fetch GET 200 https://registry.npmjs.org/@babel%2ftemplate 320ms (cache miss)
701 silly packumentCache full:https://registry.npmjs.org/@babel%2ftemplate set size:undefined disposed:false
702 http fetch GET 200 https://registry.npmjs.org/@babel%2fgenerator 353ms (cache miss)
703 silly packumentCache full:https://registry.npmjs.org/@babel%2fgenerator set size:undefined disposed:false
704 http fetch GET 200 https://registry.npmjs.org/@babel%2fhelper-compilation-targets 298ms (cache miss)
705 silly packumentCache full:https://registry.npmjs.org/@babel%2fhelper-compilation-targets set size:undefined disposed:false
706 http fetch GET 200 https://registry.npmjs.org/@types%2fbabel__traverse 300ms (cache miss)
707 silly packumentCache full:https://registry.npmjs.org/@types%2fbabel__traverse set size:undefined disposed:false
708 silly fetch manifest @babel/core@^7.0.0
709 silly packumentCache full:https://registry.npmjs.org/@babel%2fcore cache-miss
710 http cache https://registry.npmjs.org/@babel%2fcore 5ms (cache hit)
711 silly packumentCache full:https://registry.npmjs.org/@babel%2fcore set size:788258 disposed:false
712 silly placeDep ROOT @babel/code-frame@7.29.7 OK for: @babel/core@7.29.7 want: ^7.29.7
713 silly placeDep ROOT @babel/generator@7.29.7 OK for: @babel/core@7.29.7 want: ^7.29.7
714 silly placeDep ROOT @babel/helper-compilation-targets@7.29.7 OK for: @babel/core@7.29.7 want: ^7.29.7
715 silly placeDep ROOT @babel/helper-module-transforms@7.29.7 OK for: @babel/core@7.29.7 want: ^7.29.7
716 silly placeDep ROOT @babel/helpers@7.29.7 OK for: @babel/core@7.29.7 want: ^7.29.7
717 silly placeDep ROOT @babel/parser@7.29.7 OK for: @babel/core@7.29.7 want: ^7.29.7
718 silly placeDep ROOT @babel/template@7.29.7 OK for: @babel/core@7.29.7 want: ^7.29.7
719 silly placeDep ROOT @babel/traverse@7.29.7 OK for: @babel/core@7.29.7 want: ^7.29.7
720 silly placeDep ROOT @babel/types@7.29.7 OK for: @babel/core@7.29.7 want: ^7.29.7
721 silly placeDep ROOT @jridgewell/remapping@2.3.5 OK for: @babel/core@7.29.7 want: ^2.3.5
722 silly placeDep ROOT convert-source-map@2.0.0 OK for: @babel/core@7.29.7 want: ^2.0.0
723 silly placeDep ROOT debug@4.4.3 OK for: @babel/core@7.29.7 want: ^4.1.0
724 silly placeDep ROOT gensync@1.0.0-beta.2 OK for: @babel/core@7.29.7 want: ^1.0.0-beta.2
725 silly placeDep ROOT json5@2.2.3 OK for: @babel/core@7.29.7 want: ^2.2.3
726 silly placeDep ROOT semver@6.3.1 OK for: @babel/core@7.29.7 want: ^6.3.1
727 silly fetch manifest js-tokens@^4.0.0
728 silly packumentCache full:https://registry.npmjs.org/js-tokens cache-miss
729 silly fetch manifest @babel/helper-validator-identifier@^7.29.7
730 silly packumentCache full:https://registry.npmjs.org/@babel%2fhelper-validator-identifier cache-miss
731 silly fetch manifest jsesc@^3.0.2
732 silly packumentCache full:https://registry.npmjs.org/jsesc cache-miss
733 silly fetch manifest @jridgewell/gen-mapping@^0.3.12
734 silly packumentCache full:https://registry.npmjs.org/@jridgewell%2fgen-mapping cache-miss
735 silly fetch manifest @jridgewell/trace-mapping@^0.3.28
736 silly packumentCache full:https://registry.npmjs.org/@jridgewell%2ftrace-mapping cache-miss
737 silly fetch manifest lru-cache@^5.1.1
738 silly packumentCache full:https://registry.npmjs.org/lru-cache cache-miss
739 silly fetch manifest browserslist@^4.24.0
740 silly packumentCache full:https://registry.npmjs.org/browserslist cache-miss
741 http cache https://registry.npmjs.org/browserslist 11ms (cache hit)
742 silly packumentCache full:https://registry.npmjs.org/browserslist set size:509301 disposed:false
743 silly fetch manifest @babel/compat-data@^7.29.7
744 silly packumentCache full:https://registry.npmjs.org/@babel%2fcompat-data cache-miss
745 http fetch GET 200 https://registry.npmjs.org/jsesc 37ms (cache miss)
746 silly packumentCache full:https://registry.npmjs.org/jsesc set size:undefined disposed:false
747 silly fetch manifest @babel/helper-validator-option@^7.29.7
748 silly packumentCache full:https://registry.npmjs.org/@babel%2fhelper-validator-option cache-miss
749 http fetch GET 200 https://registry.npmjs.org/@jridgewell%2fgen-mapping 40ms (cache miss)
750 silly packumentCache full:https://registry.npmjs.org/@jridgewell%2fgen-mapping set size:undefined disposed:false
751 silly fetch manifest @babel/helper-module-imports@^7.29.7
752 silly packumentCache full:https://registry.npmjs.org/@babel%2fhelper-module-imports cache-miss
753 http fetch GET 200 https://registry.npmjs.org/@babel%2fhelper-validator-identifier 49ms (cache miss)
754 silly packumentCache full:https://registry.npmjs.org/@babel%2fhelper-validator-identifier set size:undefined disposed:false
755 silly fetch manifest debug@^4.3.1
756 silly packumentCache full:https://registry.npmjs.org/debug cache-miss
757 http cache https://registry.npmjs.org/debug 3ms (cache hit)
758 silly packumentCache full:https://registry.npmjs.org/debug set size:195840 disposed:false
759 silly fetch manifest @babel/helper-globals@^7.29.7
760 silly packumentCache full:https://registry.npmjs.org/@babel%2fhelper-globals cache-miss
761 http fetch GET 200 https://registry.npmjs.org/js-tokens 55ms (cache miss)
762 silly packumentCache full:https://registry.npmjs.org/js-tokens set size:undefined disposed:false
763 silly fetch manifest @babel/helper-string-parser@^7.29.7
764 silly packumentCache full:https://registry.npmjs.org/@babel%2fhelper-string-parser cache-miss
765 http fetch GET 200 https://registry.npmjs.org/@babel%2fcompat-data 47ms (cache miss)
766 silly packumentCache full:https://registry.npmjs.org/@babel%2fcompat-data set size:undefined disposed:false
767 silly fetch manifest @jridgewell/gen-mapping@^0.3.5
768 silly packumentCache full:https://registry.npmjs.org/@jridgewell%2fgen-mapping cache-miss
769 http cache https://registry.npmjs.org/@jridgewell%2fgen-mapping 1ms (cache hit)
770 silly packumentCache full:https://registry.npmjs.org/@jridgewell%2fgen-mapping set size:75941 disposed:false
771 silly fetch manifest @jridgewell/trace-mapping@^0.3.24
772 silly packumentCache full:https://registry.npmjs.org/@jridgewell%2ftrace-mapping cache-miss
773 http fetch GET 200 https://registry.npmjs.org/lru-cache 68ms (cache miss)
774 silly packumentCache full:https://registry.npmjs.org/lru-cache set size:undefined disposed:false
775 silly fetch manifest ms@^2.1.3
776 silly packumentCache full:https://registry.npmjs.org/ms cache-miss
777 http fetch GET 200 https://registry.npmjs.org/@jridgewell%2ftrace-mapping 72ms (cache miss)
778 silly packumentCache full:https://registry.npmjs.org/@jridgewell%2ftrace-mapping set size:undefined disposed:false
779 http fetch GET 200 https://registry.npmjs.org/@babel%2fhelper-validator-option 39ms (cache miss)
780 silly packumentCache full:https://registry.npmjs.org/@babel%2fhelper-validator-option set size:undefined disposed:false
781 http fetch GET 200 https://registry.npmjs.org/@babel%2fhelper-module-imports 44ms (cache miss)
782 silly packumentCache full:https://registry.npmjs.org/@babel%2fhelper-module-imports set size:undefined disposed:false
783 http fetch GET 200 https://registry.npmjs.org/ms 32ms (cache miss)
784 silly packumentCache full:https://registry.npmjs.org/ms set size:undefined disposed:false
785 http fetch GET 200 https://registry.npmjs.org/@jridgewell%2ftrace-mapping 40ms (cache miss)
786 silly packumentCache full:https://registry.npmjs.org/@jridgewell%2ftrace-mapping set size:undefined disposed:false
787 http fetch GET 200 https://registry.npmjs.org/@babel%2fhelper-globals 277ms (cache miss)
788 silly packumentCache full:https://registry.npmjs.org/@babel%2fhelper-globals set size:undefined disposed:false
789 http fetch GET 200 https://registry.npmjs.org/@babel%2fhelper-string-parser 301ms (cache miss)
790 silly packumentCache full:https://registry.npmjs.org/@babel%2fhelper-string-parser set size:undefined disposed:false
791 silly placeDep ROOT @babel/helper-validator-identifier@7.29.7 OK for: @babel/code-frame@7.29.7 want: ^7.29.7
792 silly placeDep ROOT js-tokens@4.0.0 OK for: @babel/code-frame@7.29.7 want: ^4.0.0
793 silly placeDep ROOT picocolors@1.1.1 OK for: @babel/code-frame@7.29.7 want: ^1.1.1
794 silly placeDep ROOT @jridgewell/gen-mapping@0.3.13 OK for: @babel/generator@7.29.7 want: ^0.3.12
795 silly placeDep ROOT @jridgewell/trace-mapping@0.3.31 OK for: @babel/generator@7.29.7 want: ^0.3.28
796 silly placeDep ROOT jsesc@3.1.0 OK for: @babel/generator@7.29.7 want: ^3.0.2
797 silly fetch manifest @jridgewell/sourcemap-codec@^1.5.0
798 silly packumentCache full:https://registry.npmjs.org/@jridgewell%2fsourcemap-codec cache-miss
799 silly fetch manifest @jridgewell/resolve-uri@^3.1.0
800 silly packumentCache full:https://registry.npmjs.org/@jridgewell%2fresolve-uri cache-miss
801 silly fetch manifest @jridgewell/sourcemap-codec@^1.4.14
802 silly packumentCache full:https://registry.npmjs.org/@jridgewell%2fsourcemap-codec cache-miss
803 http fetch GET 200 https://registry.npmjs.org/@jridgewell%2fsourcemap-codec 47ms (cache miss)
804 silly packumentCache full:https://registry.npmjs.org/@jridgewell%2fsourcemap-codec set size:undefined disposed:false
805 http fetch GET 200 https://registry.npmjs.org/@jridgewell%2fsourcemap-codec 48ms (cache miss)
806 silly packumentCache full:https://registry.npmjs.org/@jridgewell%2fsourcemap-codec set size:undefined disposed:false
807 http fetch GET 200 https://registry.npmjs.org/@jridgewell%2fresolve-uri 49ms (cache miss)
808 silly packumentCache full:https://registry.npmjs.org/@jridgewell%2fresolve-uri set size:undefined disposed:false
809 silly placeDep ROOT @babel/compat-data@7.29.7 OK for: @babel/helper-compilation-targets@7.29.7 want: ^7.29.7
810 silly placeDep ROOT @babel/helper-validator-option@7.29.7 OK for: @babel/helper-compilation-targets@7.29.7 want: ^7.29.7
811 silly placeDep ROOT browserslist@4.28.4 OK for: @babel/helper-compilation-targets@7.29.7 want: ^4.24.0
812 silly placeDep ROOT lru-cache@5.1.1 OK for: @babel/helper-compilation-targets@7.29.7 want: ^5.1.1
813 silly fetch manifest node-releases@^2.0.48
814 silly packumentCache full:https://registry.npmjs.org/node-releases cache-miss
815 silly fetch manifest electron-to-chromium@^1.5.376
816 silly packumentCache full:https://registry.npmjs.org/electron-to-chromium cache-miss
817 silly fetch manifest update-browserslist-db@^1.2.3
818 silly packumentCache full:https://registry.npmjs.org/update-browserslist-db cache-miss
819 silly fetch manifest baseline-browser-mapping@^2.10.38
820 silly packumentCache full:https://registry.npmjs.org/baseline-browser-mapping cache-miss
821 silly fetch manifest yallist@^3.0.2
822 silly packumentCache full:https://registry.npmjs.org/yallist cache-miss
823 http fetch GET 200 https://registry.npmjs.org/yallist 31ms (cache miss)
824 silly packumentCache full:https://registry.npmjs.org/yallist set size:undefined disposed:false
825 http fetch GET 200 https://registry.npmjs.org/update-browserslist-db 36ms (cache miss)
826 silly packumentCache full:https://registry.npmjs.org/update-browserslist-db set size:undefined disposed:false
827 http fetch GET 200 https://registry.npmjs.org/node-releases 59ms (cache miss)
828 silly packumentCache full:https://registry.npmjs.org/node-releases set size:undefined disposed:false
829 http fetch GET 200 https://registry.npmjs.org/baseline-browser-mapping 128ms (cache miss)
830 silly packumentCache full:https://registry.npmjs.org/baseline-browser-mapping set size:undefined disposed:false
831 http fetch GET 200 https://registry.npmjs.org/electron-to-chromium 338ms (cache miss)
832 silly packumentCache full:https://registry.npmjs.org/electron-to-chromium set size:undefined disposed:false
833 silly placeDep ROOT @babel/helper-module-imports@7.29.7 OK for: @babel/helper-module-transforms@7.29.7 want: ^7.29.7
834 silly placeDep ROOT @babel/helper-plugin-utils@7.29.7 OK for: @babel/plugin-transform-react-jsx-self@7.29.7 want: ^7.29.7
835 silly placeDep ROOT @babel/helper-globals@7.29.7 OK for: @babel/traverse@7.29.7 want: ^7.29.7
836 silly placeDep ROOT @babel/helper-string-parser@7.29.7 OK for: @babel/types@7.29.7 want: ^7.29.7
837 silly placeDep ROOT @jridgewell/sourcemap-codec@1.5.5 OK for: @jridgewell/gen-mapping@0.3.13 want: ^1.5.0
838 silly placeDep ROOT @jridgewell/resolve-uri@3.1.2 OK for: @jridgewell/trace-mapping@0.3.31 want: ^3.1.0
839 silly placeDep ROOT @types/babel__generator@7.27.0 OK for: @types/babel__core@7.20.5 want: *
840 silly placeDep ROOT @types/babel__template@7.4.4 OK for: @types/babel__core@7.20.5 want: *
841 silly placeDep ROOT @types/babel__traverse@7.28.0 OK for: @types/babel__core@7.20.5 want: *
842 silly placeDep ROOT caniuse-lite@1.0.30001800 OK for: autoprefixer@10.5.2 want: ^1.0.30001799
843 silly placeDep ROOT fraction.js@5.3.4 OK for: autoprefixer@10.5.2 want: ^5.3.4
844 silly placeDep ROOT postcss-value-parser@4.2.0 OK for: autoprefixer@10.5.2 want: ^4.2.0
845 silly fetch manifest browserslist@>= 4.21.0
846 silly packumentCache full:https://registry.npmjs.org/browserslist cache-hit
847 silly placeDep ROOT baseline-browser-mapping@2.10.41 OK for: browserslist@4.28.4 want: ^2.10.38
848 silly placeDep ROOT electron-to-chromium@1.5.384 OK for: browserslist@4.28.4 want: ^1.5.376
849 silly placeDep ROOT node-releases@2.0.50 OK for: browserslist@4.28.4 want: ^2.0.48
850 silly placeDep ROOT update-browserslist-db@1.2.3 OK for: browserslist@4.28.4 want: ^1.2.3
851 silly fetch manifest escalade@^3.2.0
852 silly packumentCache full:https://registry.npmjs.org/escalade cache-miss
853 http fetch GET 200 https://registry.npmjs.org/escalade 35ms (cache miss)
854 silly packumentCache full:https://registry.npmjs.org/escalade set size:undefined disposed:false
855 silly placeDep ROOT ms@2.1.3 OK for: debug@4.4.3 want: ^2.1.3
856 silly fetch manifest @react-native-async-storage/async-storage@^1.18.1
857 silly packumentCache full:https://registry.npmjs.org/@react-native-async-storage%2fasync-storage cache-miss
858 http fetch GET 200 https://registry.npmjs.org/@react-native-async-storage%2fasync-storage 73ms (cache miss)
859 silly packumentCache full:https://registry.npmjs.org/@react-native-async-storage%2fasync-storage set size:undefined disposed:false
860 silly fetch manifest react-native@^0.0.0-0 || >=0.60 <1.0
861 silly packumentCache full:https://registry.npmjs.org/react-native cache-miss
862 http fetch GET 200 https://registry.npmjs.org/react-native 420ms (cache miss)
863 silly packumentCache full:https://registry.npmjs.org/react-native set size:undefined disposed:false
864 silly fetch manifest @react-native/jest-preset@0.86.0
865 silly packumentCache full:https://registry.npmjs.org/@react-native%2fjest-preset cache-miss
866 http fetch GET 200 https://registry.npmjs.org/@react-native%2fjest-preset 202ms (cache miss)
867 silly packumentCache full:https://registry.npmjs.org/@react-native%2fjest-preset set size:undefined disposed:false
868 silly fetch manifest react@^19.2.3
869 silly packumentCache full:https://registry.npmjs.org/react cache-miss
870 http cache https://registry.npmjs.org/react 16ms (cache hit)
871 silly packumentCache full:https://registry.npmjs.org/react set size:6760698 disposed:false
872 silly fetch manifest @types/react@^19.1.1
873 silly packumentCache full:https://registry.npmjs.org/@types%2freact cache-miss
874 http cache https://registry.npmjs.org/@types%2freact 12ms (cache hit)
875 silly packumentCache full:https://registry.npmjs.org/@types%2freact set size:2632776 disposed:false
876 silly placeDep ROOT @firebase/analytics@0.10.8 OK for: firebase@10.14.1 want: 0.10.8
877 silly placeDep ROOT @firebase/app@0.10.13 OK for: @firebase/analytics@0.10.8 want: 0.x
878 silly placeDep ROOT @firebase/analytics-compat@0.2.14 OK for: firebase@10.14.1 want: 0.2.14
879 silly placeDep ROOT @firebase/app-compat@0.2.43 OK for: @firebase/analytics-compat@0.2.14 want: 0.x
880 silly placeDep ROOT @firebase/app-check@0.8.8 OK for: firebase@10.14.1 want: 0.8.8
881 silly placeDep ROOT @firebase/app-check-compat@0.3.15 OK for: firebase@10.14.1 want: 0.3.15
882 silly placeDep ROOT @firebase/app-types@0.9.2 OK for: firebase@10.14.1 want: 0.9.2
883 silly placeDep node_modules/firebase @firebase/auth@1.7.9 OK for: firebase@10.14.1 want: 1.7.9
884 silly placeDep ROOT @firebase/auth-compat@0.5.14 OK for: firebase@10.14.1 want: 0.5.14
885 silly placeDep ROOT @firebase/data-connect@0.1.0 OK for: firebase@10.14.1 want: 0.1.0
886 silly placeDep ROOT @firebase/database@1.0.8 OK for: firebase@10.14.1 want: 1.0.8
887 silly placeDep ROOT @firebase/database-compat@1.0.8 OK for: firebase@10.14.1 want: 1.0.8
888 silly placeDep ROOT @firebase/firestore@4.7.3 OK for: firebase@10.14.1 want: 4.7.3
889 silly placeDep ROOT @firebase/firestore-compat@0.3.38 OK for: firebase@10.14.1 want: 0.3.38
890 silly placeDep ROOT @firebase/functions@0.11.8 OK for: firebase@10.14.1 want: 0.11.8
891 silly placeDep ROOT @firebase/functions-compat@0.3.14 OK for: firebase@10.14.1 want: 0.3.14
892 silly placeDep ROOT @firebase/installations@0.6.9 OK for: firebase@10.14.1 want: 0.6.9
893 silly placeDep ROOT @firebase/installations-compat@0.2.9 OK for: firebase@10.14.1 want: 0.2.9
894 silly placeDep ROOT @firebase/messaging@0.12.12 OK for: firebase@10.14.1 want: 0.12.12
895 silly placeDep ROOT @firebase/messaging-compat@0.2.12 OK for: firebase@10.14.1 want: 0.2.12
896 silly placeDep ROOT @firebase/performance@0.6.9 OK for: firebase@10.14.1 want: 0.6.9
897 silly placeDep ROOT @firebase/performance-compat@0.2.9 OK for: firebase@10.14.1 want: 0.2.9
898 silly placeDep ROOT @firebase/remote-config@0.4.9 OK for: firebase@10.14.1 want: 0.4.9
899 silly placeDep ROOT @firebase/remote-config-compat@0.2.9 OK for: firebase@10.14.1 want: 0.2.9
900 silly placeDep ROOT @firebase/storage@0.13.2 OK for: firebase@10.14.1 want: 0.13.2
901 silly placeDep ROOT @firebase/storage-compat@0.3.12 OK for: firebase@10.14.1 want: 0.3.12
902 silly placeDep ROOT @firebase/util@1.10.0 OK for: firebase@10.14.1 want: 1.10.0
903 silly placeDep ROOT @firebase/vertexai-preview@0.0.4 OK for: firebase@10.14.1 want: 0.0.4
904 silly fetch manifest @firebase/logger@0.4.2
905 silly packumentCache full:https://registry.npmjs.org/@firebase%2flogger cache-miss
906 silly fetch manifest @firebase/component@0.6.9
907 silly packumentCache full:https://registry.npmjs.org/@firebase%2fcomponent cache-miss
908 silly fetch manifest idb@7.1.1
909 silly packumentCache full:https://registry.npmjs.org/idb cache-miss
910 silly fetch manifest @firebase/logger@0.4.2
911 silly packumentCache full:https://registry.npmjs.org/@firebase%2flogger cache-miss
912 silly fetch manifest @firebase/component@0.6.9
913 silly packumentCache full:https://registry.npmjs.org/@firebase%2fcomponent cache-miss
914 silly fetch manifest @firebase/component@0.6.9
915 silly packumentCache full:https://registry.npmjs.org/@firebase%2fcomponent cache-miss
916 silly fetch manifest @firebase/analytics-types@0.8.2
917 silly packumentCache full:https://registry.npmjs.org/@firebase%2fanalytics-types cache-miss
918 http fetch GET 200 https://registry.npmjs.org/idb 44ms (cache miss)
919 silly packumentCache full:https://registry.npmjs.org/idb set size:undefined disposed:false
920 silly fetch manifest @firebase/logger@0.4.2
921 silly packumentCache full:https://registry.npmjs.org/@firebase%2flogger cache-miss
922 http fetch GET 200 https://registry.npmjs.org/@firebase%2fanalytics-types 2242ms (cache miss)
923 silly packumentCache full:https://registry.npmjs.org/@firebase%2fanalytics-types set size:undefined disposed:false
924 silly fetch manifest @firebase/component@0.6.9
925 silly packumentCache full:https://registry.npmjs.org/@firebase%2fcomponent cache-miss
926 http fetch GET 200 https://registry.npmjs.org/@firebase%2flogger 2514ms (cache miss)
927 silly packumentCache full:https://registry.npmjs.org/@firebase%2flogger set size:undefined disposed:false
928 silly fetch manifest @firebase/component@0.6.9
929 silly packumentCache full:https://registry.npmjs.org/@firebase%2fcomponent cache-miss
930 http fetch GET 200 https://registry.npmjs.org/@firebase%2flogger 3097ms (cache miss)
931 silly packumentCache full:https://registry.npmjs.org/@firebase%2flogger set size:undefined disposed:false
932 silly fetch manifest @firebase/component@0.6.9
933 silly packumentCache full:https://registry.npmjs.org/@firebase%2fcomponent cache-miss
934 http fetch GET 200 https://registry.npmjs.org/@firebase%2fcomponent 3864ms (cache miss)
935 silly packumentCache full:https://registry.npmjs.org/@firebase%2fcomponent set size:undefined disposed:false
936 silly fetch manifest @firebase/app-check-types@0.5.2
937 silly packumentCache full:https://registry.npmjs.org/@firebase%2fapp-check-types cache-miss
938 http fetch GET 200 https://registry.npmjs.org/@firebase%2fcomponent 2096ms (cache miss)
939 silly packumentCache full:https://registry.npmjs.org/@firebase%2fcomponent set size:undefined disposed:false
940 silly fetch manifest undici@6.19.7
941 silly packumentCache full:https://registry.npmjs.org/undici cache-miss
942 http fetch GET 200 https://registry.npmjs.org/undici 315ms (cache miss)
943 silly packumentCache full:https://registry.npmjs.org/undici set size:undefined disposed:false
944 silly fetch manifest @firebase/auth-types@0.12.2
945 silly packumentCache full:https://registry.npmjs.org/@firebase%2fauth-types cache-miss
946 http fetch GET 200 https://registry.npmjs.org/@firebase%2fcomponent 2233ms (cache miss)
947 silly packumentCache full:https://registry.npmjs.org/@firebase%2fcomponent set size:undefined disposed:false
948 silly fetch manifest @firebase/auth-interop-types@0.2.3
949 silly packumentCache full:https://registry.npmjs.org/@firebase%2fauth-interop-types cache-miss
950 http fetch GET 200 https://registry.npmjs.org/@firebase%2fapp-check-types 1246ms (cache miss)
951 silly packumentCache full:https://registry.npmjs.org/@firebase%2fapp-check-types set size:undefined disposed:false
952 silly fetch manifest faye-websocket@0.11.4
953 silly packumentCache full:https://registry.npmjs.org/faye-websocket cache-miss
954 http fetch GET 200 https://registry.npmjs.org/@firebase%2fcomponent 2053ms (cache miss)
955 silly packumentCache full:https://registry.npmjs.org/@firebase%2fcomponent set size:undefined disposed:false
956 silly fetch manifest @firebase/auth-interop-types@0.2.3
957 silly packumentCache full:https://registry.npmjs.org/@firebase%2fauth-interop-types cache-miss
958 http fetch GET 200 https://registry.npmjs.org/@firebase%2fcomponent 5229ms (cache miss)
959 silly packumentCache full:https://registry.npmjs.org/@firebase%2fcomponent set size:undefined disposed:false
960 silly fetch manifest @firebase/app-check-interop-types@0.3.2
961 silly packumentCache full:https://registry.npmjs.org/@firebase%2fapp-check-interop-types cache-miss
962 http fetch GET 200 https://registry.npmjs.org/faye-websocket 998ms (cache miss)
963 silly packumentCache full:https://registry.npmjs.org/faye-websocket set size:undefined disposed:false
964 silly fetch manifest @firebase/database-types@1.0.5
965 silly packumentCache full:https://registry.npmjs.org/@firebase%2fdatabase-types cache-miss
966 http fetch GET 200 https://registry.npmjs.org/@firebase%2flogger 6921ms (cache miss)
967 silly packumentCache full:https://registry.npmjs.org/@firebase%2flogger set size:undefined disposed:false
968 silly fetch manifest @grpc/grpc-js@~1.9.0
969 silly packumentCache full:https://registry.npmjs.org/@grpc%2fgrpc-js cache-miss
970 http fetch GET 200 https://registry.npmjs.org/@firebase%2fapp-check-interop-types 1804ms (cache miss)
971 silly packumentCache full:https://registry.npmjs.org/@firebase%2fapp-check-interop-types set size:undefined disposed:false
972 silly fetch manifest @grpc/proto-loader@^0.7.8
973 silly packumentCache full:https://registry.npmjs.org/@grpc%2fproto-loader cache-miss
974 http fetch GET 200 https://registry.npmjs.org/@grpc%2fproto-loader 140ms (cache miss)
975 silly packumentCache full:https://registry.npmjs.org/@grpc%2fproto-loader set size:undefined disposed:false
976 silly fetch manifest @firebase/webchannel-wrapper@1.0.1
977 silly packumentCache full:https://registry.npmjs.org/@firebase%2fwebchannel-wrapper cache-miss
978 http fetch GET 200 https://registry.npmjs.org/@firebase%2fauth-types 2557ms (cache miss)
979 silly packumentCache full:https://registry.npmjs.org/@firebase%2fauth-types set size:undefined disposed:false
980 silly fetch manifest @firebase/firestore-types@3.0.2
981 silly packumentCache full:https://registry.npmjs.org/@firebase%2ffirestore-types cache-miss
982 http fetch GET 200 https://registry.npmjs.org/@firebase%2fauth-interop-types 2504ms (cache miss)
983 silly packumentCache full:https://registry.npmjs.org/@firebase%2fauth-interop-types set size:undefined disposed:false
984 silly fetch manifest @firebase/messaging-interop-types@0.2.2
985 silly packumentCache full:https://registry.npmjs.org/@firebase%2fmessaging-interop-types cache-miss
986 http fetch GET 200 https://registry.npmjs.org/@firebase%2fauth-interop-types 2225ms (cache miss)
987 silly packumentCache full:https://registry.npmjs.org/@firebase%2fauth-interop-types set size:undefined disposed:false
988 silly fetch manifest @firebase/functions-types@0.6.2
989 silly packumentCache full:https://registry.npmjs.org/@firebase%2ffunctions-types cache-miss
990 http fetch GET 200 https://registry.npmjs.org/@grpc%2fgrpc-js 954ms (cache miss)
991 silly packumentCache full:https://registry.npmjs.org/@grpc%2fgrpc-js set size:undefined disposed:false
992 silly fetch manifest @firebase/installations-types@0.5.2
993 silly packumentCache full:https://registry.npmjs.org/@firebase%2finstallations-types cache-miss
994 http fetch GET 200 https://registry.npmjs.org/@firebase%2fdatabase-types 1847ms (cache miss)
995 silly packumentCache full:https://registry.npmjs.org/@firebase%2fdatabase-types set size:undefined disposed:false
996 silly fetch manifest @firebase/messaging-interop-types@0.2.2
997 silly packumentCache full:https://registry.npmjs.org/@firebase%2fmessaging-interop-types cache-miss
998 http fetch GET 200 https://registry.npmjs.org/@firebase%2fcomponent 8665ms (cache miss)
999 silly packumentCache full:https://registry.npmjs.org/@firebase%2fcomponent set size:undefined disposed:false
1000 silly fetch manifest @firebase/performance-types@0.2.2
1001 silly packumentCache full:https://registry.npmjs.org/@firebase%2fperformance-types cache-miss
1002 http fetch GET 200 https://registry.npmjs.org/@firebase%2fmessaging-interop-types 659ms (cache miss)
1003 silly packumentCache full:https://registry.npmjs.org/@firebase%2fmessaging-interop-types set size:undefined disposed:false
1004 silly fetch manifest @firebase/remote-config-types@0.3.2
1005 silly packumentCache full:https://registry.npmjs.org/@firebase%2fremote-config-types cache-miss
1006 http fetch GET 200 https://registry.npmjs.org/@firebase%2fmessaging-interop-types 2070ms (cache miss)
1007 silly packumentCache full:https://registry.npmjs.org/@firebase%2fmessaging-interop-types set size:undefined disposed:false
1008 silly fetch manifest @firebase/storage-types@0.8.2
1009 silly packumentCache full:https://registry.npmjs.org/@firebase%2fstorage-types cache-miss
1010 http fetch GET 200 https://registry.npmjs.org/@firebase%2fremote-config-types 1755ms (cache miss)
1011 silly packumentCache full:https://registry.npmjs.org/@firebase%2fremote-config-types set size:undefined disposed:false
1012 http fetch GET 200 https://registry.npmjs.org/@firebase%2ffunctions-types 3160ms (cache miss)
1013 silly packumentCache full:https://registry.npmjs.org/@firebase%2ffunctions-types set size:undefined disposed:false
1014 http fetch GET 200 https://registry.npmjs.org/@firebase%2ffirestore-types 3662ms (cache miss)
1015 silly packumentCache full:https://registry.npmjs.org/@firebase%2ffirestore-types set size:undefined disposed:false
1016 http fetch GET 200 https://registry.npmjs.org/@firebase%2fwebchannel-wrapper 4028ms (cache miss)
1017 silly packumentCache full:https://registry.npmjs.org/@firebase%2fwebchannel-wrapper set size:undefined disposed:false
1018 http fetch GET 200 https://registry.npmjs.org/@firebase%2finstallations-types 4016ms (cache miss)
1019 silly packumentCache full:https://registry.npmjs.org/@firebase%2finstallations-types set size:undefined disposed:false
1020 http fetch GET 200 https://registry.npmjs.org/@firebase%2fperformance-types 3790ms (cache miss)
1021 silly packumentCache full:https://registry.npmjs.org/@firebase%2fperformance-types set size:undefined disposed:false
1022 http fetch GET 200 https://registry.npmjs.org/@firebase%2fstorage-types 3422ms (cache miss)
1023 silly packumentCache full:https://registry.npmjs.org/@firebase%2fstorage-types set size:undefined disposed:false
1024 silly placeDep ROOT @firebase/component@0.6.9 OK for: @firebase/analytics@0.10.8 want: 0.6.9
1025 silly placeDep ROOT @firebase/logger@0.4.2 OK for: @firebase/analytics@0.10.8 want: 0.4.2
1026 silly placeDep ROOT @firebase/analytics-types@0.8.2 OK for: @firebase/analytics-compat@0.2.14 want: 0.8.2
1027 silly placeDep ROOT idb@7.1.1 OK for: @firebase/app@0.10.13 want: 7.1.1
1028 silly placeDep ROOT @firebase/app-check-types@0.5.2 OK for: @firebase/app-check-compat@0.3.15 want: 0.5.2
1029 silly fetch manifest @firebase/app@0.x
1030 silly packumentCache full:https://registry.npmjs.org/@firebase%2fapp cache-miss
1031 http cache https://registry.npmjs.org/@firebase%2fapp 23ms (cache hit)
1032 silly packumentCache full:https://registry.npmjs.org/@firebase%2fapp set size:15048431 disposed:false
1033 silly fetch manifest @firebase/app-types@0.x
1034 silly packumentCache full:https://registry.npmjs.org/@firebase%2fapp-types cache-miss
1035 http cache https://registry.npmjs.org/@firebase%2fapp-types 13ms (cache hit)
1036 silly packumentCache full:https://registry.npmjs.org/@firebase%2fapp-types set size:8589149 disposed:false
1037 silly placeDep node_modules/@firebase/auth-compat @firebase/auth@1.7.9 OK for: @firebase/auth-compat@0.5.14 want: 1.7.9
1038 silly placeDep ROOT @firebase/auth-types@0.12.2 OK for: @firebase/auth-compat@0.5.14 want: 0.12.2
1039 silly placeDep ROOT undici@6.19.7 OK for: @firebase/auth-compat@0.5.14 want: 6.19.7
1040 silly placeDep ROOT @firebase/auth-interop-types@0.2.3 OK for: @firebase/data-connect@0.1.0 want: 0.2.3
1041 silly placeDep ROOT @firebase/app-check-interop-types@0.3.2 OK for: @firebase/database@1.0.8 want: 0.3.2
1042 silly placeDep ROOT faye-websocket@0.11.4 OK for: @firebase/database@1.0.8 want: 0.11.4
1043 silly fetch manifest websocket-driver@>=0.5.1
1044 silly packumentCache full:https://registry.npmjs.org/websocket-driver cache-miss
1045 http fetch GET 200 https://registry.npmjs.org/websocket-driver 36ms (cache miss)
1046 silly packumentCache full:https://registry.npmjs.org/websocket-driver set size:undefined disposed:false
1047 silly placeDep ROOT @firebase/database-types@1.0.5 OK for: @firebase/database-compat@1.0.8 want: 1.0.5
1048 silly placeDep ROOT @firebase/webchannel-wrapper@1.0.1 OK for: @firebase/firestore@4.7.3 want: 1.0.1
1049 silly placeDep ROOT @grpc/grpc-js@1.9.16 OK for: @firebase/firestore@4.7.3 want: ~1.9.0
1050 silly placeDep ROOT @grpc/proto-loader@0.7.15 OK for: @firebase/firestore@4.7.3 want: ^0.7.8
1051 silly fetch manifest @types/node@>=12.12.47
1052 silly packumentCache full:https://registry.npmjs.org/@types%2fnode cache-miss
1053 silly fetch manifest long@^5.0.0
1054 silly packumentCache full:https://registry.npmjs.org/long cache-miss
1055 silly fetch manifest yargs@^17.7.2
1056 silly packumentCache full:https://registry.npmjs.org/yargs cache-miss
1057 silly fetch manifest protobufjs@^7.2.5
1058 silly packumentCache full:https://registry.npmjs.org/protobufjs cache-miss
1059 silly fetch manifest lodash.camelcase@^4.3.0
1060 silly packumentCache full:https://registry.npmjs.org/lodash.camelcase cache-miss
1061 http cache https://registry.npmjs.org/@types%2fnode 15ms (cache hit)
1062 silly packumentCache full:https://registry.npmjs.org/@types%2fnode set size:11066386 disposed:false
1063 http fetch GET 200 https://registry.npmjs.org/lodash.camelcase 47ms (cache miss)
1064 silly packumentCache full:https://registry.npmjs.org/lodash.camelcase set size:undefined disposed:false
1065 http fetch GET 200 https://registry.npmjs.org/long 49ms (cache miss)
1066 silly packumentCache full:https://registry.npmjs.org/long set size:undefined disposed:false
1067 http fetch GET 200 https://registry.npmjs.org/protobufjs 176ms (cache miss)
1068 silly packumentCache full:https://registry.npmjs.org/protobufjs set size:undefined disposed:false
1069 http fetch GET 200 https://registry.npmjs.org/yargs 209ms (cache miss)
1070 silly packumentCache full:https://registry.npmjs.org/yargs set size:undefined disposed:false
1071 silly placeDep ROOT @firebase/firestore-types@3.0.2 OK for: @firebase/firestore-compat@0.3.38 want: 3.0.2
1072 silly placeDep ROOT @firebase/messaging-interop-types@0.2.2 OK for: @firebase/functions@0.11.8 want: 0.2.2
1073 silly placeDep ROOT @firebase/functions-types@0.6.2 OK for: @firebase/functions-compat@0.3.14 want: 0.6.2
1074 silly placeDep ROOT @firebase/installations-types@0.5.2 OK for: @firebase/installations-compat@0.2.9 want: 0.5.2
1075 silly placeDep ROOT @firebase/performance-types@0.2.2 OK for: @firebase/performance-compat@0.2.9 want: 0.2.2
1076 silly placeDep ROOT @firebase/remote-config-types@0.3.2 OK for: @firebase/remote-config-compat@0.2.9 want: 0.3.2
1077 silly placeDep ROOT @firebase/storage-types@0.8.2 OK for: @firebase/storage-compat@0.3.12 want: 0.8.2
1078 silly placeDep ROOT @types/node@26.1.0 OK for: @grpc/grpc-js@1.9.16 want: >=12.12.47
1079 silly fetch manifest undici-types@~8.3.0
1080 silly packumentCache full:https://registry.npmjs.org/undici-types cache-miss
1081 http fetch GET 200 https://registry.npmjs.org/undici-types 43ms (cache miss)
1082 silly packumentCache full:https://registry.npmjs.org/undici-types set size:undefined disposed:false
1083 silly placeDep ROOT lodash.camelcase@4.3.0 OK for: @grpc/proto-loader@0.7.15 want: ^4.3.0
1084 silly placeDep ROOT long@5.3.2 OK for: @grpc/proto-loader@0.7.15 want: ^5.0.0
1085 silly placeDep ROOT protobufjs@7.6.4 OK for: @grpc/proto-loader@0.7.15 want: ^7.2.5
1086 silly placeDep ROOT yargs@17.7.3 OK for: @grpc/proto-loader@0.7.15 want: ^17.7.2
1087 silly fetch manifest @protobufjs/path@^1.1.2
1088 silly packumentCache full:https://registry.npmjs.org/@protobufjs%2fpath cache-miss
1089 silly fetch manifest @protobufjs/pool@^1.1.0
1090 silly packumentCache full:https://registry.npmjs.org/@protobufjs%2fpool cache-miss
1091 silly fetch manifest @protobufjs/utf8@^1.1.1
1092 silly packumentCache full:https://registry.npmjs.org/@protobufjs%2futf8 cache-miss
1093 silly fetch manifest @protobufjs/fetch@^1.1.1
1094 silly packumentCache full:https://registry.npmjs.org/@protobufjs%2ffetch cache-miss
1095 silly fetch manifest @protobufjs/float@^1.0.2
1096 silly packumentCache full:https://registry.npmjs.org/@protobufjs%2ffloat cache-miss
1097 silly fetch manifest @protobufjs/base64@^1.1.2
1098 silly packumentCache full:https://registry.npmjs.org/@protobufjs%2fbase64 cache-miss
1099 silly fetch manifest @protobufjs/codegen@^2.0.5
1100 silly packumentCache full:https://registry.npmjs.org/@protobufjs%2fcodegen cache-miss
1101 http fetch GET 200 https://registry.npmjs.org/@protobufjs%2fpool 194ms (cache miss)
1102 silly packumentCache full:https://registry.npmjs.org/@protobufjs%2fpool set size:undefined disposed:false
1103 silly fetch manifest @protobufjs/aspromise@^1.1.2
1104 silly packumentCache full:https://registry.npmjs.org/@protobufjs%2faspromise cache-miss
1105 http fetch GET 200 https://registry.npmjs.org/@protobufjs%2fbase64 196ms (cache miss)
1106 silly packumentCache full:https://registry.npmjs.org/@protobufjs%2fbase64 set size:undefined disposed:false
1107 silly fetch manifest @protobufjs/eventemitter@^1.1.1
1108 silly packumentCache full:https://registry.npmjs.org/@protobufjs%2feventemitter cache-miss
1109 http fetch GET 200 https://registry.npmjs.org/@protobufjs%2ffloat 197ms (cache miss)
1110 silly packumentCache full:https://registry.npmjs.org/@protobufjs%2ffloat set size:undefined disposed:false
1111 silly fetch manifest cliui@^8.0.1
1112 silly packumentCache full:https://registry.npmjs.org/cliui cache-miss
1113 http fetch GET 200 https://registry.npmjs.org/@protobufjs%2ffetch 200ms (cache miss)
1114 silly packumentCache full:https://registry.npmjs.org/@protobufjs%2ffetch set size:undefined disposed:false
1115 silly fetch manifest escalade@^3.1.1
1116 silly packumentCache full:https://registry.npmjs.org/escalade cache-miss
1117 http cache https://registry.npmjs.org/escalade 3ms (cache hit)
1118 silly packumentCache full:https://registry.npmjs.org/escalade set size:33724 disposed:false
1119 silly fetch manifest get-caller-file@^2.0.5
1120 silly packumentCache full:https://registry.npmjs.org/get-caller-file cache-miss
1121 http fetch GET 200 https://registry.npmjs.org/@protobufjs%2futf8 212ms (cache miss)
1122 silly packumentCache full:https://registry.npmjs.org/@protobufjs%2futf8 set size:undefined disposed:false
1123 silly fetch manifest require-directory@^2.1.1
1124 silly packumentCache full:https://registry.npmjs.org/require-directory cache-miss
1125 http fetch GET 200 https://registry.npmjs.org/require-directory 33ms (cache miss)
1126 silly packumentCache full:https://registry.npmjs.org/require-directory set size:undefined disposed:false
1127 silly fetch manifest string-width@^4.2.3
1128 silly packumentCache full:https://registry.npmjs.org/string-width cache-miss
1129 http fetch GET 200 https://registry.npmjs.org/cliui 52ms (cache miss)
1130 silly packumentCache full:https://registry.npmjs.org/cliui set size:undefined disposed:false
1131 silly fetch manifest y18n@^5.0.5
1132 silly packumentCache full:https://registry.npmjs.org/y18n cache-miss
1133 http fetch GET 200 https://registry.npmjs.org/string-width 40ms (cache miss)
1134 silly packumentCache full:https://registry.npmjs.org/string-width set size:undefined disposed:false
1135 silly fetch manifest yargs-parser@^21.1.1
1136 silly packumentCache full:https://registry.npmjs.org/yargs-parser cache-miss
1137 http fetch GET 200 https://registry.npmjs.org/y18n 50ms (cache miss)
1138 silly packumentCache full:https://registry.npmjs.org/y18n set size:undefined disposed:false
1139 http fetch GET 200 https://registry.npmjs.org/yargs-parser 56ms (cache miss)
1140 silly packumentCache full:https://registry.npmjs.org/yargs-parser set size:undefined disposed:false
1141 http fetch GET 200 https://registry.npmjs.org/@protobufjs%2feventemitter 185ms (cache miss)
1142 silly packumentCache full:https://registry.npmjs.org/@protobufjs%2feventemitter set size:undefined disposed:false
1143 http fetch GET 200 https://registry.npmjs.org/@protobufjs%2fcodegen 385ms (cache miss)
1144 silly packumentCache full:https://registry.npmjs.org/@protobufjs%2fcodegen set size:undefined disposed:false
1145 http fetch GET 200 https://registry.npmjs.org/@protobufjs%2fpath 430ms (cache miss)
1146 silly packumentCache full:https://registry.npmjs.org/@protobufjs%2fpath set size:undefined disposed:false
1147 http fetch GET 200 https://registry.npmjs.org/get-caller-file 304ms (cache miss)
1148 silly packumentCache full:https://registry.npmjs.org/get-caller-file set size:undefined disposed:false
1149 http fetch GET 200 https://registry.npmjs.org/@protobufjs%2faspromise 468ms (cache miss)
1150 silly packumentCache full:https://registry.npmjs.org/@protobufjs%2faspromise set size:undefined disposed:false
1151 silly placeDep ROOT undici-types@8.3.0 OK for: @types/node@26.1.0 want: ~8.3.0
1152 silly placeDep ROOT websocket-driver@0.7.5 OK for: faye-websocket@0.11.4 want: >=0.5.1
1153 silly fetch manifest http-parser-js@>=0.5.1
1154 silly packumentCache full:https://registry.npmjs.org/http-parser-js cache-miss
1155 silly fetch manifest safe-buffer@>=5.1.0
1156 silly packumentCache full:https://registry.npmjs.org/safe-buffer cache-miss
1157 silly fetch manifest websocket-extensions@>=0.1.1
1158 silly packumentCache full:https://registry.npmjs.org/websocket-extensions cache-miss
1159 http fetch GET 200 https://registry.npmjs.org/websocket-extensions 35ms (cache miss)
1160 silly packumentCache full:https://registry.npmjs.org/websocket-extensions set size:undefined disposed:false
1161 http fetch GET 200 https://registry.npmjs.org/safe-buffer 37ms (cache miss)
1162 silly packumentCache full:https://registry.npmjs.org/safe-buffer set size:undefined disposed:false
1163 http fetch GET 200 https://registry.npmjs.org/http-parser-js 52ms (cache miss)
1164 silly packumentCache full:https://registry.npmjs.org/http-parser-js set size:undefined disposed:false
1165 silly placeDep ROOT motion-dom@11.18.1 OK for: framer-motion@11.18.2 want: ^11.18.1
1166 silly placeDep ROOT motion-utils@11.18.1 OK for: framer-motion@11.18.2 want: ^11.18.1
1167 silly placeDep ROOT yallist@3.1.1 OK for: lru-cache@5.1.1 want: ^3.0.2
1168 silly placeDep ROOT nanoid@3.3.15 OK for: postcss@8.5.16 want: ^3.3.12
1169 silly placeDep ROOT source-map-js@1.2.1 OK for: postcss@8.5.16 want: ^1.2.1
1170 silly placeDep ROOT @protobufjs/aspromise@1.1.2 OK for: protobufjs@7.6.4 want: ^1.1.2
1171 silly placeDep ROOT @protobufjs/base64@1.1.2 OK for: protobufjs@7.6.4 want: ^1.1.2
1172 silly placeDep ROOT @protobufjs/codegen@2.0.5 OK for: protobufjs@7.6.4 want: ^2.0.5
1173 silly placeDep ROOT @protobufjs/eventemitter@1.1.1 OK for: protobufjs@7.6.4 want: ^1.1.1
1174 silly placeDep ROOT @protobufjs/fetch@1.1.1 OK for: protobufjs@7.6.4 want: ^1.1.1
1175 silly placeDep ROOT @protobufjs/float@1.0.2 OK for: protobufjs@7.6.4 want: ^1.0.2
1176 silly placeDep ROOT @protobufjs/path@1.1.2 OK for: protobufjs@7.6.4 want: ^1.1.2
1177 silly placeDep ROOT @protobufjs/pool@1.1.0 OK for: protobufjs@7.6.4 want: ^1.1.0
1178 silly placeDep ROOT @protobufjs/utf8@1.1.1 OK for: protobufjs@7.6.4 want: ^1.1.1
1179 silly placeDep ROOT loose-envify@1.4.0 OK for: react@18.3.1 want: ^1.1.0
1180 silly placeDep ROOT @internationalized/date@3.12.2 OK for: react-aria@3.50.0 want: ^3.12.2
1181 silly placeDep ROOT @internationalized/number@3.6.7 OK for: react-aria@3.50.0 want: ^3.6.7
1182 silly placeDep ROOT @internationalized/string@3.2.9 OK for: react-aria@3.50.0 want: ^3.2.9
1183 silly placeDep ROOT aria-hidden@1.2.6 OK for: react-aria@3.50.0 want: ^1.2.3
1184 silly placeDep ROOT clsx@2.1.1 OK for: react-aria@3.50.0 want: ^2.0.0
1185 silly placeDep ROOT react-stately@3.48.0 OK for: react-aria@3.50.0 want: 3.48.0
1186 silly placeDep ROOT scheduler@0.23.2 OK for: react-dom@18.3.1 want: ^0.23.2
1187 silly placeDep ROOT goober@2.1.19 OK for: react-hot-toast@2.6.0 want: ^2.1.16
1188 silly fetch manifest react@>=16.8
1189 silly packumentCache full:https://registry.npmjs.org/react cache-miss
1190 http cache https://registry.npmjs.org/react 15ms (cache hit)
1191 silly packumentCache full:https://registry.npmjs.org/react set size:6760698 disposed:false
1192 silly placeDep ROOT @remix-run/router@1.23.3 OK for: react-router-dom@6.30.4 want: 1.23.3
1193 silly placeDep ROOT react-router@6.30.4 OK for: react-router-dom@6.30.4 want: 6.30.4
1194 silly fetch manifest react@^16.0.0 || ^17.0.0 || ^18.0.0 || ^19.0.0
1195 silly packumentCache full:https://registry.npmjs.org/react cache-miss
1196 http cache https://registry.npmjs.org/react 11ms (cache hit)
1197 silly packumentCache full:https://registry.npmjs.org/react set size:6760698 disposed:false
1198 silly fetch manifest react-dom@^16.0.0 || ^17.0.0 || ^18.0.0 || ^19.0.0
1199 silly packumentCache full:https://registry.npmjs.org/react-dom cache-miss
1200 http cache https://registry.npmjs.org/react-dom 11ms (cache hit)
1201 silly packumentCache full:https://registry.npmjs.org/react-dom set size:9047674 disposed:false
1202 silly placeDep ROOT eventemitter3@4.0.7 OK for: recharts@2.15.4 want: ^4.0.1
1203 silly placeDep ROOT lodash@4.18.1 OK for: recharts@2.15.4 want: ^4.17.21
1204 silly placeDep ROOT react-is@18.3.1 OK for: recharts@2.15.4 want: ^18.3.1
1205 silly placeDep ROOT react-smooth@4.0.4 OK for: recharts@2.15.4 want: ^4.0.4
1206 silly placeDep ROOT recharts-scale@0.4.5 OK for: recharts@2.15.4 want: ^0.4.4
1207 silly placeDep ROOT tiny-invariant@1.3.3 OK for: recharts@2.15.4 want: ^1.3.1
1208 silly placeDep ROOT victory-vendor@36.9.2 OK for: recharts@2.15.4 want: ^36.6.8
1209 silly fetch manifest fast-equals@^5.0.1
1210 silly packumentCache full:https://registry.npmjs.org/fast-equals cache-miss
1211 silly fetch manifest prop-types@^15.8.1
1212 silly packumentCache full:https://registry.npmjs.org/prop-types cache-miss
1213 silly fetch manifest react-transition-group@^4.4.5
1214 silly packumentCache full:https://registry.npmjs.org/react-transition-group cache-miss
1215 silly fetch manifest decimal.js-light@^2.4.1
1216 silly packumentCache full:https://registry.npmjs.org/decimal.js-light cache-miss
1217 silly fetch manifest d3-ease@^3.0.1
1218 silly packumentCache full:https://registry.npmjs.org/d3-ease cache-miss
1219 silly fetch manifest d3-time@^3.0.0
1220 silly packumentCache full:https://registry.npmjs.org/d3-time cache-miss
1221 silly fetch manifest d3-array@^3.1.6
1222 silly packumentCache full:https://registry.npmjs.org/d3-array cache-miss
1223 http fetch GET 200 https://registry.npmjs.org/prop-types 36ms (cache miss)
1224 silly packumentCache full:https://registry.npmjs.org/prop-types set size:undefined disposed:false
1225 silly fetch manifest d3-scale@^4.0.2
1226 silly packumentCache full:https://registry.npmjs.org/d3-scale cache-miss
1227 http fetch GET 200 https://registry.npmjs.org/decimal.js-light 37ms (cache miss)
1228 silly packumentCache full:https://registry.npmjs.org/decimal.js-light set size:undefined disposed:false
1229 silly fetch manifest d3-shape@^3.1.0
1230 silly packumentCache full:https://registry.npmjs.org/d3-shape cache-miss
1231 http fetch GET 200 https://registry.npmjs.org/d3-ease 46ms (cache miss)
1232 silly packumentCache full:https://registry.npmjs.org/d3-ease set size:undefined disposed:false
1233 silly fetch manifest d3-timer@^3.0.1
1234 silly packumentCache full:https://registry.npmjs.org/d3-timer cache-miss
1235 http fetch GET 200 https://registry.npmjs.org/fast-equals 49ms (cache miss)
1236 silly packumentCache full:https://registry.npmjs.org/fast-equals set size:undefined disposed:false
1237 silly fetch manifest @types/d3-ease@^3.0.0
1238 silly packumentCache full:https://registry.npmjs.org/@types%2fd3-ease cache-miss
1239 http fetch GET 200 https://registry.npmjs.org/react-transition-group 62ms (cache miss)
1240 silly packumentCache full:https://registry.npmjs.org/react-transition-group set size:undefined disposed:false
1241 silly fetch manifest @types/d3-time@^3.0.0
1242 silly packumentCache full:https://registry.npmjs.org/@types%2fd3-time cache-miss
1243 http fetch GET 200 https://registry.npmjs.org/@types%2fd3-ease 34ms (cache miss)
1244 silly packumentCache full:https://registry.npmjs.org/@types%2fd3-ease set size:undefined disposed:false
1245 silly fetch manifest d3-interpolate@^3.0.1
1246 silly packumentCache full:https://registry.npmjs.org/d3-interpolate cache-miss
1247 http fetch GET 200 https://registry.npmjs.org/d3-timer 39ms (cache miss)
1248 silly packumentCache full:https://registry.npmjs.org/d3-timer set size:undefined disposed:false
1249 silly fetch manifest @types/d3-array@^3.0.3
1250 silly packumentCache full:https://registry.npmjs.org/@types%2fd3-array cache-miss
1251 http fetch GET 200 https://registry.npmjs.org/d3-scale 64ms (cache miss)
1252 silly packumentCache full:https://registry.npmjs.org/d3-scale set size:undefined disposed:false
1253 silly fetch manifest @types/d3-scale@^4.0.2
1254 silly packumentCache full:https://registry.npmjs.org/@types%2fd3-scale cache-miss
1255 http fetch GET 200 https://registry.npmjs.org/@types%2fd3-time 44ms (cache miss)
1256 silly packumentCache full:https://registry.npmjs.org/@types%2fd3-time set size:undefined disposed:false
1257 silly fetch manifest @types/d3-shape@^3.1.0
1258 silly packumentCache full:https://registry.npmjs.org/@types%2fd3-shape cache-miss
1259 http fetch GET 200 https://registry.npmjs.org/d3-interpolate 42ms (cache miss)
1260 silly packumentCache full:https://registry.npmjs.org/d3-interpolate set size:undefined disposed:false
1261 silly fetch manifest @types/d3-timer@^3.0.0
1262 silly packumentCache full:https://registry.npmjs.org/@types%2fd3-timer cache-miss
1263 http fetch GET 200 https://registry.npmjs.org/d3-shape 101ms (cache miss)
1264 silly packumentCache full:https://registry.npmjs.org/d3-shape set size:undefined disposed:false
1265 silly fetch manifest @types/d3-interpolate@^3.0.1
1266 silly packumentCache full:https://registry.npmjs.org/@types%2fd3-interpolate cache-miss
1267 http fetch GET 200 https://registry.npmjs.org/@types%2fd3-scale 40ms (cache miss)
1268 silly packumentCache full:https://registry.npmjs.org/@types%2fd3-scale set size:undefined disposed:false
1269 http fetch GET 200 https://registry.npmjs.org/@types%2fd3-array 60ms (cache miss)
1270 silly packumentCache full:https://registry.npmjs.org/@types%2fd3-array set size:undefined disposed:false
1271 http fetch GET 200 https://registry.npmjs.org/@types%2fd3-timer 30ms (cache miss)
1272 silly packumentCache full:https://registry.npmjs.org/@types%2fd3-timer set size:undefined disposed:false
1273 http fetch GET 200 https://registry.npmjs.org/@types%2fd3-interpolate 43ms (cache miss)
1274 silly packumentCache full:https://registry.npmjs.org/@types%2fd3-interpolate set size:undefined disposed:false
1275 http fetch GET 200 https://registry.npmjs.org/d3-time 299ms (cache miss)
1276 silly packumentCache full:https://registry.npmjs.org/d3-time set size:undefined disposed:false
1277 http fetch GET 200 https://registry.npmjs.org/d3-array 324ms (cache miss)
1278 silly packumentCache full:https://registry.npmjs.org/d3-array set size:undefined disposed:false
1279 http fetch GET 200 https://registry.npmjs.org/@types%2fd3-shape 313ms (cache miss)
1280 silly packumentCache full:https://registry.npmjs.org/@types%2fd3-shape set size:undefined disposed:false
1281 silly fetch manifest react@^16.8.0 || ^17.0.0 || ^18.0.0 || ^19.0.0
1282 silly packumentCache full:https://registry.npmjs.org/react cache-miss
1283 http cache https://registry.npmjs.org/react 18ms (cache hit)
1284 silly packumentCache full:https://registry.npmjs.org/react set size:6760698 disposed:false
1285 silly fetch manifest react-dom@^16.8.0 || ^17.0.0 || ^18.0.0 || ^19.0.0
1286 silly packumentCache full:https://registry.npmjs.org/react-dom cache-miss
1287 http cache https://registry.npmjs.org/react-dom 16ms (cache hit)
1288 silly packumentCache full:https://registry.npmjs.org/react-dom set size:9047674 disposed:false
1289 silly placeDep ROOT fast-equals@5.4.0 OK for: react-smooth@4.0.4 want: ^5.0.1
1290 silly placeDep ROOT prop-types@15.8.1 OK for: react-smooth@4.0.4 want: ^15.8.1
1291 silly placeDep ROOT react-transition-group@4.4.5 OK for: react-smooth@4.0.4 want: ^4.4.5
1292 silly fetch manifest object-assign@^4.1.1
1293 silly packumentCache full:https://registry.npmjs.org/object-assign cache-miss
1294 silly fetch manifest react-is@^16.13.1
1295 silly packumentCache full:https://registry.npmjs.org/react-is cache-miss
1296 silly fetch manifest @babel/runtime@^7.5.5
1297 silly packumentCache full:https://registry.npmjs.org/@babel%2fruntime cache-miss
1298 silly fetch manifest dom-helpers@^5.0.1
1299 silly packumentCache full:https://registry.npmjs.org/dom-helpers cache-miss
1300 http cache https://registry.npmjs.org/react-is 10ms (cache hit)
1301 silly packumentCache full:https://registry.npmjs.org/react-is set size:5469921 disposed:false
1302 http fetch GET 200 https://registry.npmjs.org/object-assign 31ms (cache miss)
1303 silly packumentCache full:https://registry.npmjs.org/object-assign set size:undefined disposed:false
1304 http fetch GET 200 https://registry.npmjs.org/dom-helpers 284ms (cache miss)
1305 silly packumentCache full:https://registry.npmjs.org/dom-helpers set size:undefined disposed:false
1306 http fetch GET 200 https://registry.npmjs.org/@babel%2fruntime 287ms (cache miss)
1307 silly packumentCache full:https://registry.npmjs.org/@babel%2fruntime set size:undefined disposed:false
1308 silly placeDep ROOT object-assign@4.1.1 OK for: prop-types@15.8.1 want: ^4.1.1
1309 silly placeDep node_modules/prop-types react-is@16.13.1 OK for: prop-types@15.8.1 want: ^16.13.1
1310 silly placeDep ROOT @babel/runtime@7.29.7 OK for: react-transition-group@4.4.5 want: ^7.5.5
1311 silly placeDep ROOT dom-helpers@5.2.1 OK for: react-transition-group@4.4.5 want: ^5.0.1
1312 silly placeDep ROOT decimal.js-light@2.5.1 OK for: recharts-scale@0.4.5 want: ^2.4.1
1313 silly fetch manifest postcss@^8.4.47
1314 silly packumentCache full:https://registry.npmjs.org/postcss cache-hit
1315 silly fetch manifest tsx@^4.8.1
1316 silly packumentCache full:https://registry.npmjs.org/tsx cache-miss
1317 http fetch GET 200 https://registry.npmjs.org/tsx 98ms (cache miss)
1318 silly packumentCache full:https://registry.npmjs.org/tsx set size:undefined disposed:false
1319 silly fetch manifest yaml@^2.4.2
1320 silly packumentCache full:https://registry.npmjs.org/yaml cache-miss
1321 http fetch GET 200 https://registry.npmjs.org/yaml 60ms (cache miss)
1322 silly packumentCache full:https://registry.npmjs.org/yaml set size:undefined disposed:false
1323 silly placeDep ROOT @alloc/quick-lru@5.2.0 OK for: tailwindcss@3.4.19 want: ^5.2.0
1324 silly placeDep ROOT arg@5.0.2 OK for: tailwindcss@3.4.19 want: ^5.0.2
1325 silly placeDep ROOT chokidar@3.6.0 OK for: tailwindcss@3.4.19 want: ^3.6.0
1326 silly placeDep ROOT didyoumean@1.2.2 OK for: tailwindcss@3.4.19 want: ^1.2.2
1327 silly placeDep ROOT dlv@1.1.3 OK for: tailwindcss@3.4.19 want: ^1.1.3
1328 silly placeDep ROOT fast-glob@3.3.3 OK for: tailwindcss@3.4.19 want: ^3.3.2
1329 silly placeDep ROOT glob-parent@6.0.2 OK for: tailwindcss@3.4.19 want: ^6.0.2
1330 silly placeDep ROOT is-glob@4.0.3 OK for: tailwindcss@3.4.19 want: ^4.0.3
1331 silly placeDep ROOT jiti@1.21.7 OK for: tailwindcss@3.4.19 want: ^1.21.7
1332 silly placeDep ROOT lilconfig@3.1.3 OK for: tailwindcss@3.4.19 want: ^3.1.3
1333 silly placeDep ROOT micromatch@4.0.8 OK for: tailwindcss@3.4.19 want: ^4.0.8
1334 silly placeDep ROOT normalize-path@3.0.0 OK for: tailwindcss@3.4.19 want: ^3.0.0
1335 silly placeDep ROOT object-hash@3.0.0 OK for: tailwindcss@3.4.19 want: ^3.0.0
1336 silly placeDep ROOT postcss-import@15.1.0 OK for: tailwindcss@3.4.19 want: ^15.1.0
1337 silly placeDep ROOT postcss-js@4.1.0 OK for: tailwindcss@3.4.19 want: ^4.0.1
1338 silly placeDep ROOT postcss-load-config@6.0.1 OK for: tailwindcss@3.4.19 want: ^4.0.2 || ^5.0 || ^6.0
1339 silly placeDep ROOT postcss-nested@6.2.0 OK for: tailwindcss@3.4.19 want: ^6.2.0
1340 silly placeDep ROOT postcss-selector-parser@6.1.4 OK for: tailwindcss@3.4.19 want: ^6.1.2
1341 silly placeDep ROOT resolve@1.22.12 OK for: tailwindcss@3.4.19 want: ^1.22.8
1342 silly placeDep ROOT sucrase@3.35.1 OK for: tailwindcss@3.4.19 want: ^3.35.0
1343 silly fetch manifest braces@~3.0.2
1344 silly packumentCache full:https://registry.npmjs.org/braces cache-miss
1345 silly fetch manifest is-glob@~4.0.1
1346 silly packumentCache full:https://registry.npmjs.org/is-glob cache-miss
1347 silly fetch manifest anymatch@~3.1.2
1348 silly packumentCache full:https://registry.npmjs.org/anymatch cache-miss
1349 silly fetch manifest readdirp@~3.6.0
1350 silly packumentCache full:https://registry.npmjs.org/readdirp cache-miss
1351 silly fetch manifest glob-parent@~5.1.2
1352 silly packumentCache full:https://registry.npmjs.org/glob-parent cache-miss
1353 silly fetch manifest is-binary-path@~2.1.0
1354 silly packumentCache full:https://registry.npmjs.org/is-binary-path cache-miss
1355 silly fetch manifest normalize-path@~3.0.0
1356 silly packumentCache full:https://registry.npmjs.org/normalize-path cache-miss
1357 http cache https://registry.npmjs.org/glob-parent 4ms (cache hit)
1358 silly packumentCache full:https://registry.npmjs.org/glob-parent set size:42445 disposed:false
1359 silly fetch manifest fsevents@~2.3.2
1360 silly packumentCache full:https://registry.npmjs.org/fsevents cache-miss
1361 http cache https://registry.npmjs.org/is-glob 5ms (cache hit)
1362 silly packumentCache full:https://registry.npmjs.org/is-glob set size:40530 disposed:false
1363 silly fetch manifest @nodelib/fs.stat@^2.0.2
1364 silly packumentCache full:https://registry.npmjs.org/@nodelib%2ffs.stat cache-miss
1365 http cache https://registry.npmjs.org/normalize-path 5ms (cache hit)
1366 silly packumentCache full:https://registry.npmjs.org/normalize-path set size:28713 disposed:false
1367 silly fetch manifest @nodelib/fs.walk@^1.2.3
1368 silly packumentCache full:https://registry.npmjs.org/@nodelib%2ffs.walk cache-miss
1369 http cache https://registry.npmjs.org/fsevents 3ms (cache hit)
1370 silly packumentCache full:https://registry.npmjs.org/fsevents set size:182472 disposed:false
1371 silly fetch manifest glob-parent@^5.1.2
1372 silly packumentCache full:https://registry.npmjs.org/glob-parent cache-hit
1373 silly fetch manifest merge2@^1.3.0
1374 silly packumentCache full:https://registry.npmjs.org/merge2 cache-miss
1375 http fetch GET 200 https://registry.npmjs.org/is-binary-path 27ms (cache miss)
1376 silly packumentCache full:https://registry.npmjs.org/is-binary-path set size:undefined disposed:false
1377 silly fetch manifest is-extglob@^2.1.1
1378 silly packumentCache full:https://registry.npmjs.org/is-extglob cache-miss
1379 http fetch GET 200 https://registry.npmjs.org/readdirp 38ms (cache miss)
1380 silly packumentCache full:https://registry.npmjs.org/readdirp set size:undefined disposed:false
1381 silly fetch manifest braces@^3.0.3
1382 silly packumentCache full:https://registry.npmjs.org/braces cache-miss
1383 http fetch GET 200 https://registry.npmjs.org/merge2 34ms (cache miss)
1384 silly packumentCache full:https://registry.npmjs.org/merge2 set size:undefined disposed:false
1385 silly fetch manifest picomatch@^2.3.1
1386 silly packumentCache full:https://registry.npmjs.org/picomatch cache-miss
1387 http fetch GET 200 https://registry.npmjs.org/anymatch 44ms (cache miss)
1388 silly packumentCache full:https://registry.npmjs.org/anymatch set size:undefined disposed:false
1389 silly fetch manifest resolve@^1.1.7
1390 silly packumentCache full:https://registry.npmjs.org/resolve cache-miss
1391 http cache https://registry.npmjs.org/resolve 2ms (cache hit)
1392 silly packumentCache full:https://registry.npmjs.org/resolve set size:244568 disposed:false
1393 silly fetch manifest read-cache@^1.0.0
1394 silly packumentCache full:https://registry.npmjs.org/read-cache cache-miss
1395 http fetch GET 200 https://registry.npmjs.org/braces 50ms (cache miss)
1396 silly packumentCache full:https://registry.npmjs.org/braces set size:undefined disposed:false
1397 silly fetch manifest camelcase-css@^2.0.1
1398 silly packumentCache full:https://registry.npmjs.org/camelcase-css cache-miss
1399 http fetch GET 200 https://registry.npmjs.org/is-extglob 29ms (cache miss)
1400 silly packumentCache full:https://registry.npmjs.org/is-extglob set size:undefined disposed:false
1401 silly fetch manifest postcss-selector-parser@^6.1.1
1402 silly packumentCache full:https://registry.npmjs.org/postcss-selector-parser cache-miss
1403 http cache https://registry.npmjs.org/postcss-selector-parser 1ms (cache hit)
1404 silly packumentCache full:https://registry.npmjs.org/postcss-selector-parser set size:193966 disposed:false
1405 silly fetch manifest cssesc@^3.0.0
1406 silly packumentCache full:https://registry.npmjs.org/cssesc cache-miss
1407 http fetch GET 200 https://registry.npmjs.org/braces 32ms (cache miss)
1408 silly packumentCache full:https://registry.npmjs.org/braces set size:undefined disposed:false
1409 silly fetch manifest util-deprecate@^1.0.2
1410 silly packumentCache full:https://registry.npmjs.org/util-deprecate cache-miss
1411 http fetch GET 200 https://registry.npmjs.org/read-cache 30ms (cache miss)
1412 silly packumentCache full:https://registry.npmjs.org/read-cache set size:undefined disposed:false
1413 silly fetch manifest es-errors@^1.3.0
1414 silly packumentCache full:https://registry.npmjs.org/es-errors cache-miss
1415 http fetch GET 200 https://registry.npmjs.org/camelcase-css 27ms (cache miss)
1416 silly packumentCache full:https://registry.npmjs.org/camelcase-css set size:undefined disposed:false
1417 silly fetch manifest path-parse@^1.0.7
1418 silly packumentCache full:https://registry.npmjs.org/path-parse cache-miss
1419 http fetch GET 200 https://registry.npmjs.org/picomatch 38ms (cache miss)
1420 silly packumentCache full:https://registry.npmjs.org/picomatch set size:undefined disposed:false
1421 silly fetch manifest is-core-module@^2.16.1
1422 silly packumentCache full:https://registry.npmjs.org/is-core-module cache-miss
1423 http fetch GET 200 https://registry.npmjs.org/cssesc 28ms (cache miss)
1424 silly packumentCache full:https://registry.npmjs.org/cssesc set size:undefined disposed:false
1425 silly fetch manifest supports-preserve-symlinks-flag@^1.0.0
1426 silly packumentCache full:https://registry.npmjs.org/supports-preserve-symlinks-flag cache-miss
1427 http fetch GET 200 https://registry.npmjs.org/util-deprecate 23ms (cache miss)
1428 silly packumentCache full:https://registry.npmjs.org/util-deprecate set size:undefined disposed:false
1429 silly fetch manifest commander@^4.0.0
1430 silly packumentCache full:https://registry.npmjs.org/commander cache-miss
1431 http fetch GET 200 https://registry.npmjs.org/path-parse 26ms (cache miss)
1432 silly packumentCache full:https://registry.npmjs.org/path-parse set size:undefined disposed:false
1433 silly fetch manifest lines-and-columns@^1.1.6
1434 silly packumentCache full:https://registry.npmjs.org/lines-and-columns cache-miss
1435 http fetch GET 200 https://registry.npmjs.org/es-errors 28ms (cache miss)
1436 silly packumentCache full:https://registry.npmjs.org/es-errors set size:undefined disposed:false
1437 silly fetch manifest mz@^2.7.0
1438 silly packumentCache full:https://registry.npmjs.org/mz cache-miss
1439 http fetch GET 200 https://registry.npmjs.org/supports-preserve-symlinks-flag 26ms (cache miss)
1440 silly packumentCache full:https://registry.npmjs.org/supports-preserve-symlinks-flag set size:undefined disposed:false
1441 silly fetch manifest pirates@^4.0.1
1442 silly packumentCache full:https://registry.npmjs.org/pirates cache-miss
1443 http fetch GET 200 https://registry.npmjs.org/is-core-module 32ms (cache miss)
1444 silly packumentCache full:https://registry.npmjs.org/is-core-module set size:undefined disposed:false
1445 silly fetch manifest tinyglobby@^0.2.11
1446 silly packumentCache full:https://registry.npmjs.org/tinyglobby cache-miss
1447 http fetch GET 200 https://registry.npmjs.org/pirates 29ms (cache miss)
1448 silly packumentCache full:https://registry.npmjs.org/pirates set size:undefined disposed:false
1449 silly fetch manifest ts-interface-checker@^0.1.9
1450 silly packumentCache full:https://registry.npmjs.org/ts-interface-checker cache-miss
1451 http fetch GET 200 https://registry.npmjs.org/mz 37ms (cache miss)
1452 silly packumentCache full:https://registry.npmjs.org/mz set size:undefined disposed:false
1453 http fetch GET 200 https://registry.npmjs.org/tinyglobby 29ms (cache miss)
1454 silly packumentCache full:https://registry.npmjs.org/tinyglobby set size:undefined disposed:false
1455 http fetch GET 200 https://registry.npmjs.org/lines-and-columns 47ms (cache miss)
1456 silly packumentCache full:https://registry.npmjs.org/lines-and-columns set size:undefined disposed:false
1457 http fetch GET 200 https://registry.npmjs.org/commander 60ms (cache miss)
1458 silly packumentCache full:https://registry.npmjs.org/commander set size:undefined disposed:false
1459 http fetch GET 200 https://registry.npmjs.org/ts-interface-checker 32ms (cache miss)
1460 silly packumentCache full:https://registry.npmjs.org/ts-interface-checker set size:undefined disposed:false
1461 http fetch GET 200 https://registry.npmjs.org/@nodelib%2ffs.walk 202ms (cache miss)
1462 silly packumentCache full:https://registry.npmjs.org/@nodelib%2ffs.walk set size:undefined disposed:false
1463 http fetch GET 200 https://registry.npmjs.org/@nodelib%2ffs.stat 287ms (cache miss)
1464 silly packumentCache full:https://registry.npmjs.org/@nodelib%2ffs.stat set size:undefined disposed:false
1465 silly placeDep ROOT anymatch@3.1.3 OK for: chokidar@3.6.0 want: ~3.1.2
1466 silly placeDep ROOT braces@3.0.3 OK for: chokidar@3.6.0 want: ~3.0.2
1467 silly placeDep ROOT fsevents@2.3.3 OK for: chokidar@3.6.0 want: ~2.3.2
1468 silly placeDep node_modules/chokidar glob-parent@5.1.2 OK for: chokidar@3.6.0 want: ~5.1.2
1469 silly placeDep ROOT is-binary-path@2.1.0 OK for: chokidar@3.6.0 want: ~2.1.0
1470 silly placeDep ROOT readdirp@3.6.0 OK for: chokidar@3.6.0 want: ~3.6.0
1471 silly fetch manifest picomatch@^2.0.4
1472 silly packumentCache full:https://registry.npmjs.org/picomatch cache-miss
1473 silly fetch manifest fill-range@^7.1.1
1474 silly packumentCache full:https://registry.npmjs.org/fill-range cache-miss
1475 silly fetch manifest binary-extensions@^2.0.0
1476 silly packumentCache full:https://registry.npmjs.org/binary-extensions cache-miss
1477 silly fetch manifest picomatch@^2.2.1
1478 silly packumentCache full:https://registry.npmjs.org/picomatch cache-miss
1479 http cache https://registry.npmjs.org/picomatch 3ms (cache hit)
1480 silly packumentCache full:https://registry.npmjs.org/picomatch set size:128942 disposed:false
1481 http cache https://registry.npmjs.org/picomatch 3ms (cache hit)
1482 silly packumentCache full:https://registry.npmjs.org/picomatch set size:128942 disposed:false
1483 silly packumentCache full:https://registry.npmjs.org/picomatch dispose
1484 http fetch GET 200 https://registry.npmjs.org/binary-extensions 51ms (cache miss)
1485 silly packumentCache full:https://registry.npmjs.org/binary-extensions set size:undefined disposed:false
1486 http fetch GET 200 https://registry.npmjs.org/fill-range 64ms (cache miss)
1487 silly packumentCache full:https://registry.npmjs.org/fill-range set size:undefined disposed:false
1488 silly placeDep ROOT picomatch@2.3.2 OK for: anymatch@3.1.3 want: ^2.0.4
1489 silly placeDep ROOT fill-range@7.1.1 OK for: braces@3.0.3 want: ^7.1.1
1490 silly fetch manifest to-regex-range@^5.0.1
1491 silly packumentCache full:https://registry.npmjs.org/to-regex-range cache-miss
1492 http fetch GET 200 https://registry.npmjs.org/to-regex-range 302ms (cache miss)
1493 silly packumentCache full:https://registry.npmjs.org/to-regex-range set size:undefined disposed:false
1494 silly placeDep ROOT @nodelib/fs.stat@2.0.5 OK for: fast-glob@3.3.3 want: ^2.0.2
1495 silly placeDep ROOT @nodelib/fs.walk@1.2.8 OK for: fast-glob@3.3.3 want: ^1.2.3
1496 silly placeDep node_modules/fast-glob glob-parent@5.1.2 OK for: fast-glob@3.3.3 want: ^5.1.2
1497 silly placeDep ROOT merge2@1.4.1 OK for: fast-glob@3.3.3 want: ^1.3.0
1498 silly fetch manifest fastq@^1.6.0
1499 silly packumentCache full:https://registry.npmjs.org/fastq cache-miss
1500 silly fetch manifest @nodelib/fs.scandir@2.1.5
1501 silly packumentCache full:https://registry.npmjs.org/@nodelib%2ffs.scandir cache-miss
1502 http fetch GET 200 https://registry.npmjs.org/fastq 37ms (cache miss)
1503 silly packumentCache full:https://registry.npmjs.org/fastq set size:undefined disposed:false
1504 http fetch GET 200 https://registry.npmjs.org/@nodelib%2ffs.scandir 197ms (cache miss)
1505 silly packumentCache full:https://registry.npmjs.org/@nodelib%2ffs.scandir set size:undefined disposed:false
1506 silly placeDep ROOT @nodelib/fs.scandir@2.1.5 OK for: @nodelib/fs.walk@1.2.8 want: 2.1.5
1507 silly placeDep ROOT fastq@1.20.1 OK for: @nodelib/fs.walk@1.2.8 want: ^1.6.0
1508 silly fetch manifest run-parallel@^1.1.9
1509 silly packumentCache full:https://registry.npmjs.org/run-parallel cache-miss
1510 silly fetch manifest reusify@^1.0.4
1511 silly packumentCache full:https://registry.npmjs.org/reusify cache-miss
1512 http fetch GET 200 https://registry.npmjs.org/reusify 30ms (cache miss)
1513 silly packumentCache full:https://registry.npmjs.org/reusify set size:undefined disposed:false
1514 http fetch GET 200 https://registry.npmjs.org/run-parallel 311ms (cache miss)
1515 silly packumentCache full:https://registry.npmjs.org/run-parallel set size:undefined disposed:false
1516 silly placeDep ROOT run-parallel@1.2.0 OK for: @nodelib/fs.scandir@2.1.5 want: ^1.1.9
1517 silly fetch manifest queue-microtask@^1.2.2
1518 silly packumentCache full:https://registry.npmjs.org/queue-microtask cache-miss
1519 http fetch GET 200 https://registry.npmjs.org/queue-microtask 34ms (cache miss)
1520 silly packumentCache full:https://registry.npmjs.org/queue-microtask set size:undefined disposed:false
1521 silly placeDep ROOT reusify@1.1.0 OK for: fastq@1.20.1 want: ^1.0.4
1522 silly placeDep ROOT to-regex-range@5.0.1 OK for: fill-range@7.1.1 want: ^5.0.1
1523 silly fetch manifest is-number@^7.0.0
1524 silly packumentCache full:https://registry.npmjs.org/is-number cache-miss
1525 http fetch GET 200 https://registry.npmjs.org/is-number 35ms (cache miss)
1526 silly packumentCache full:https://registry.npmjs.org/is-number set size:undefined disposed:false
1527 silly placeDep ROOT binary-extensions@2.3.0 OK for: is-binary-path@2.1.0 want: ^2.0.0
1528 silly placeDep ROOT is-extglob@2.1.1 OK for: is-glob@4.0.3 want: ^2.1.1
1529 silly placeDep ROOT read-cache@1.0.0 OK for: postcss-import@15.1.0 want: ^1.0.0
1530 silly fetch manifest pify@^2.3.0
1531 silly packumentCache full:https://registry.npmjs.org/pify cache-miss
1532 http fetch GET 200 https://registry.npmjs.org/pify 38ms (cache miss)
1533 silly packumentCache full:https://registry.npmjs.org/pify set size:undefined disposed:false
1534 silly placeDep ROOT camelcase-css@2.0.1 OK for: postcss-js@4.1.0 want: ^2.0.1
1535 silly placeDep ROOT cssesc@3.0.0 OK for: postcss-selector-parser@6.1.4 want: ^3.0.0
1536 silly placeDep ROOT util-deprecate@1.0.2 OK for: postcss-selector-parser@6.1.4 want: ^1.0.2
1537 silly placeDep ROOT pify@2.3.0 OK for: read-cache@1.0.0 want: ^2.3.0
1538 silly placeDep ROOT es-errors@1.3.0 OK for: resolve@1.22.12 want: ^1.3.0
1539 silly placeDep ROOT is-core-module@2.16.2 OK for: resolve@1.22.12 want: ^2.16.1
1540 silly placeDep ROOT path-parse@1.0.7 OK for: resolve@1.22.12 want: ^1.0.7
1541 silly placeDep ROOT supports-preserve-symlinks-flag@1.0.0 OK for: resolve@1.22.12 want: ^1.0.0
1542 silly fetch manifest hasown@^2.0.3
1543 silly packumentCache full:https://registry.npmjs.org/hasown cache-miss
1544 http fetch GET 200 https://registry.npmjs.org/hasown 27ms (cache miss)
1545 silly packumentCache full:https://registry.npmjs.org/hasown set size:undefined disposed:false
1546 silly placeDep ROOT hasown@2.0.4 OK for: is-core-module@2.16.2 want: ^2.0.3
1547 silly fetch manifest function-bind@^1.1.2
1548 silly packumentCache full:https://registry.npmjs.org/function-bind cache-miss
1549 http fetch GET 200 https://registry.npmjs.org/function-bind 29ms (cache miss)
1550 silly packumentCache full:https://registry.npmjs.org/function-bind set size:undefined disposed:false
1551 silly placeDep ROOT function-bind@1.1.2 OK for: hasown@2.0.4 want: ^1.1.2
1552 silly placeDep ROOT queue-microtask@1.2.3 OK for: run-parallel@1.2.0 want: ^1.2.2
1553 silly placeDep ROOT commander@4.1.1 OK for: sucrase@3.35.1 want: ^4.0.0
1554 silly placeDep ROOT lines-and-columns@1.2.4 OK for: sucrase@3.35.1 want: ^1.1.6
1555 silly placeDep ROOT mz@2.7.0 OK for: sucrase@3.35.1 want: ^2.7.0
1556 silly placeDep ROOT pirates@4.0.7 OK for: sucrase@3.35.1 want: ^4.0.1
1557 silly placeDep ROOT tinyglobby@0.2.17 OK for: sucrase@3.35.1 want: ^0.2.11
1558 silly placeDep ROOT ts-interface-checker@0.1.13 OK for: sucrase@3.35.1 want: ^0.1.9
1559 silly fetch manifest any-promise@^1.0.0
1560 silly packumentCache full:https://registry.npmjs.org/any-promise cache-miss
1561 silly fetch manifest thenify-all@^1.0.0
1562 silly packumentCache full:https://registry.npmjs.org/thenify-all cache-miss
1563 silly fetch manifest fdir@^6.5.0
1564 silly packumentCache full:https://registry.npmjs.org/fdir cache-miss
1565 silly fetch manifest picomatch@^4.0.4
1566 silly packumentCache full:https://registry.npmjs.org/picomatch cache-hit
1567 http fetch GET 200 https://registry.npmjs.org/any-promise 31ms (cache miss)
1568 silly packumentCache full:https://registry.npmjs.org/any-promise set size:undefined disposed:false
1569 http fetch GET 200 https://registry.npmjs.org/fdir 44ms (cache miss)
1570 silly packumentCache full:https://registry.npmjs.org/fdir set size:undefined disposed:false
1571 http fetch GET 200 https://registry.npmjs.org/thenify-all 236ms (cache miss)
1572 silly packumentCache full:https://registry.npmjs.org/thenify-all set size:undefined disposed:false
1573 silly placeDep ROOT any-promise@1.3.0 OK for: mz@2.7.0 want: ^1.0.0
1574 silly placeDep ROOT thenify-all@1.6.0 OK for: mz@2.7.0 want: ^1.0.0
1575 silly fetch manifest thenify@>= 3.1.0 < 4
1576 silly packumentCache full:https://registry.npmjs.org/thenify cache-miss
1577 http fetch GET 200 https://registry.npmjs.org/thenify 30ms (cache miss)
1578 silly packumentCache full:https://registry.npmjs.org/thenify set size:undefined disposed:false
1579 silly placeDep ROOT thenify@3.3.1 OK for: thenify-all@1.6.0 want: >= 3.1.0 < 4
1580 silly placeDep node_modules/tinyglobby fdir@6.5.0 OK for: tinyglobby@0.2.17 want: ^6.5.0
1581 silly placeDep node_modules/tinyglobby picomatch@4.0.5 OK for: fdir@6.5.0 want: ^3 || ^4
1582 silly placeDep ROOT is-number@7.0.0 OK for: to-regex-range@5.0.1 want: ^7.0.0
1583 silly placeDep ROOT escalade@3.2.0 OK for: update-browserslist-db@1.2.3 want: ^3.2.0
1584 silly placeDep ROOT @types/d3-array@3.2.2 OK for: victory-vendor@36.9.2 want: ^3.0.3
1585 silly placeDep ROOT @types/d3-ease@3.0.2 OK for: victory-vendor@36.9.2 want: ^3.0.0
1586 silly placeDep ROOT @types/d3-interpolate@3.0.4 OK for: victory-vendor@36.9.2 want: ^3.0.1
1587 silly placeDep ROOT @types/d3-scale@4.0.9 OK for: victory-vendor@36.9.2 want: ^4.0.2
1588 silly placeDep ROOT @types/d3-shape@3.1.8 OK for: victory-vendor@36.9.2 want: ^3.1.0
1589 silly placeDep ROOT @types/d3-time@3.0.4 OK for: victory-vendor@36.9.2 want: ^3.0.0
1590 silly placeDep ROOT @types/d3-timer@3.0.2 OK for: victory-vendor@36.9.2 want: ^3.0.0
1591 silly placeDep ROOT d3-array@3.2.4 OK for: victory-vendor@36.9.2 want: ^3.1.6
1592 silly placeDep ROOT d3-ease@3.0.1 OK for: victory-vendor@36.9.2 want: ^3.0.1
1593 silly placeDep ROOT d3-interpolate@3.0.1 OK for: victory-vendor@36.9.2 want: ^3.0.1
1594 silly placeDep ROOT d3-scale@4.0.2 OK for: victory-vendor@36.9.2 want: ^4.0.2
1595 silly placeDep ROOT d3-shape@3.2.0 OK for: victory-vendor@36.9.2 want: ^3.1.0
1596 silly placeDep ROOT d3-time@3.1.0 OK for: victory-vendor@36.9.2 want: ^3.0.0
1597 silly placeDep ROOT d3-timer@3.0.1 OK for: victory-vendor@36.9.2 want: ^3.0.1
1598 silly fetch manifest @types/d3-color@*
1599 silly packumentCache full:https://registry.npmjs.org/@types%2fd3-color cache-miss
1600 silly fetch manifest @types/d3-time@*
1601 silly packumentCache full:https://registry.npmjs.org/@types%2fd3-time cache-miss
1602 silly fetch manifest @types/d3-path@*
1603 silly packumentCache full:https://registry.npmjs.org/@types%2fd3-path cache-miss
1604 silly fetch manifest internmap@1 - 2
1605 silly packumentCache full:https://registry.npmjs.org/internmap cache-miss
1606 silly fetch manifest d3-color@1 - 3
1607 silly packumentCache full:https://registry.npmjs.org/d3-color cache-miss
1608 silly fetch manifest d3-format@1 - 3
1609 silly packumentCache full:https://registry.npmjs.org/d3-format cache-miss
1610 silly fetch manifest d3-time@2.1.1 - 3
1611 silly packumentCache full:https://registry.npmjs.org/d3-time cache-miss
1612 http cache https://registry.npmjs.org/@types%2fd3-time 5ms (cache hit)
1613 silly packumentCache full:https://registry.npmjs.org/@types%2fd3-time set size:52652 disposed:false
1614 silly fetch manifest d3-time-format@2 - 4
1615 silly packumentCache full:https://registry.npmjs.org/d3-time-format cache-miss
1616 http cache https://registry.npmjs.org/d3-time 6ms (cache hit)
1617 silly packumentCache full:https://registry.npmjs.org/d3-time set size:150406 disposed:false
1618 silly fetch manifest d3-path@^3.1.0
1619 silly packumentCache full:https://registry.npmjs.org/d3-path cache-miss
1620 http fetch GET 200 https://registry.npmjs.org/internmap 30ms (cache miss)
1621 silly packumentCache full:https://registry.npmjs.org/internmap set size:undefined disposed:false
1622 http fetch GET 200 https://registry.npmjs.org/@types%2fd3-color 53ms (cache miss)
1623 silly packumentCache full:https://registry.npmjs.org/@types%2fd3-color set size:undefined disposed:false
1624 http fetch GET 200 https://registry.npmjs.org/d3-color 54ms (cache miss)
1625 silly packumentCache full:https://registry.npmjs.org/d3-color set size:undefined disposed:false
1626 http fetch GET 200 https://registry.npmjs.org/d3-time-format 59ms (cache miss)
1627 silly packumentCache full:https://registry.npmjs.org/d3-time-format set size:undefined disposed:false
1628 http fetch GET 200 https://registry.npmjs.org/d3-path 288ms (cache miss)
1629 silly packumentCache full:https://registry.npmjs.org/d3-path set size:undefined disposed:false
1630 http fetch GET 200 https://registry.npmjs.org/d3-format 298ms (cache miss)
1631 silly packumentCache full:https://registry.npmjs.org/d3-format set size:undefined disposed:false
1632 http fetch GET 200 https://registry.npmjs.org/@types%2fd3-path 528ms (cache miss)
1633 silly packumentCache full:https://registry.npmjs.org/@types%2fd3-path set size:undefined disposed:false
1634 silly placeDep ROOT @types/d3-color@3.1.3 OK for: @types/d3-interpolate@3.0.4 want: *
1635 silly placeDep ROOT @types/d3-path@3.1.1 OK for: @types/d3-shape@3.1.8 want: *
1636 silly placeDep ROOT internmap@2.0.3 OK for: d3-array@3.2.4 want: 1 - 2
1637 silly placeDep ROOT d3-color@3.1.0 OK for: d3-interpolate@3.0.1 want: 1 - 3
1638 silly placeDep ROOT d3-format@3.1.2 OK for: d3-scale@4.0.2 want: 1 - 3
1639 silly placeDep ROOT d3-time-format@4.1.0 OK for: d3-scale@4.0.2 want: 2 - 4
1640 silly placeDep ROOT d3-path@3.1.0 OK for: d3-shape@3.2.0 want: ^3.1.0
1641 silly placeDep ROOT esbuild@0.21.5 OK for: vite@5.4.21 want: ^0.21.3
1642 silly placeDep ROOT rollup@4.62.2 OK for: vite@5.4.21 want: ^4.20.0
1643 silly fetch manifest @esbuild/aix-ppc64@0.21.5
1644 silly packumentCache full:https://registry.npmjs.org/@esbuild%2faix-ppc64 cache-miss
1645 silly fetch manifest @esbuild/linux-arm@0.21.5
1646 silly packumentCache full:https://registry.npmjs.org/@esbuild%2flinux-arm cache-miss
1647 silly fetch manifest @esbuild/linux-x64@0.21.5
1648 silly packumentCache full:https://registry.npmjs.org/@esbuild%2flinux-x64 cache-miss
1649 silly fetch manifest @esbuild/sunos-x64@0.21.5
1650 silly packumentCache full:https://registry.npmjs.org/@esbuild%2fsunos-x64 cache-miss
1651 silly fetch manifest @esbuild/win32-x64@0.21.5
1652 silly packumentCache full:https://registry.npmjs.org/@esbuild%2fwin32-x64 cache-miss
1653 silly fetch manifest @esbuild/darwin-x64@0.21.5
1654 silly packumentCache full:https://registry.npmjs.org/@esbuild%2fdarwin-x64 cache-miss
1655 silly fetch manifest @esbuild/linux-ia32@0.21.5
1656 silly packumentCache full:https://registry.npmjs.org/@esbuild%2flinux-ia32 cache-miss
1657 http fetch GET 200 https://registry.npmjs.org/@esbuild%2faix-ppc64 42ms (cache miss)
1658 silly packumentCache full:https://registry.npmjs.org/@esbuild%2faix-ppc64 set size:undefined disposed:false
1659 silly fetch manifest @esbuild/netbsd-x64@0.21.5
1660 silly packumentCache full:https://registry.npmjs.org/@esbuild%2fnetbsd-x64 cache-miss
1661 http fetch GET 200 https://registry.npmjs.org/@esbuild%2flinux-ia32 70ms (cache miss)
1662 silly packumentCache full:https://registry.npmjs.org/@esbuild%2flinux-ia32 set size:undefined disposed:false
1663 silly fetch manifest @esbuild/win32-ia32@0.21.5
1664 silly packumentCache full:https://registry.npmjs.org/@esbuild%2fwin32-ia32 cache-miss
1665 http fetch GET 200 https://registry.npmjs.org/@esbuild%2flinux-x64 82ms (cache miss)
1666 silly packumentCache full:https://registry.npmjs.org/@esbuild%2flinux-x64 set size:undefined disposed:false
1667 silly fetch manifest @esbuild/android-arm@0.21.5
1668 silly packumentCache full:https://registry.npmjs.org/@esbuild%2fandroid-arm cache-miss
1669 http fetch GET 200 https://registry.npmjs.org/@esbuild%2fdarwin-x64 307ms (cache miss)
1670 silly packumentCache full:https://registry.npmjs.org/@esbuild%2fdarwin-x64 set size:undefined disposed:false
1671 silly fetch manifest @esbuild/android-x64@0.21.5
1672 silly packumentCache full:https://registry.npmjs.org/@esbuild%2fandroid-x64 cache-miss
1673 http fetch GET 200 https://registry.npmjs.org/@esbuild%2fwin32-x64 340ms (cache miss)
1674 silly packumentCache full:https://registry.npmjs.org/@esbuild%2fwin32-x64 set size:undefined disposed:false
1675 silly fetch manifest @esbuild/freebsd-x64@0.21.5
1676 silly packumentCache full:https://registry.npmjs.org/@esbuild%2ffreebsd-x64 cache-miss
1677 http fetch GET 200 https://registry.npmjs.org/@esbuild%2flinux-arm 346ms (cache miss)
1678 silly packumentCache full:https://registry.npmjs.org/@esbuild%2flinux-arm set size:undefined disposed:false
1679 silly fetch manifest @esbuild/linux-arm64@0.21.5
1680 silly packumentCache full:https://registry.npmjs.org/@esbuild%2flinux-arm64 cache-miss
1681 http fetch GET 200 https://registry.npmjs.org/@esbuild%2fnetbsd-x64 304ms (cache miss)
1682 silly packumentCache full:https://registry.npmjs.org/@esbuild%2fnetbsd-x64 set size:undefined disposed:false
1683 silly fetch manifest @esbuild/linux-ppc64@0.21.5
1684 silly packumentCache full:https://registry.npmjs.org/@esbuild%2flinux-ppc64 cache-miss
1685 http fetch GET 200 https://registry.npmjs.org/@esbuild%2fandroid-x64 60ms (cache miss)
1686 silly packumentCache full:https://registry.npmjs.org/@esbuild%2fandroid-x64 set size:undefined disposed:false
1687 silly fetch manifest @esbuild/linux-s390x@0.21.5
1688 silly packumentCache full:https://registry.npmjs.org/@esbuild%2flinux-s390x cache-miss
1689 http fetch GET 200 https://registry.npmjs.org/@esbuild%2flinux-ppc64 56ms (cache miss)
1690 silly packumentCache full:https://registry.npmjs.org/@esbuild%2flinux-ppc64 set size:undefined disposed:false
1691 silly fetch manifest @esbuild/openbsd-x64@0.21.5
1692 silly packumentCache full:https://registry.npmjs.org/@esbuild%2fopenbsd-x64 cache-miss
1693 http fetch GET 200 https://registry.npmjs.org/@esbuild%2fandroid-arm 327ms (cache miss)
1694 silly packumentCache full:https://registry.npmjs.org/@esbuild%2fandroid-arm set size:undefined disposed:false
1695 silly fetch manifest @esbuild/win32-arm64@0.21.5
1696 silly packumentCache full:https://registry.npmjs.org/@esbuild%2fwin32-arm64 cache-miss
1697 http fetch GET 200 https://registry.npmjs.org/@esbuild%2flinux-s390x 68ms (cache miss)
1698 silly packumentCache full:https://registry.npmjs.org/@esbuild%2flinux-s390x set size:undefined disposed:false
1699 silly fetch manifest @esbuild/darwin-arm64@0.21.5
1700 silly packumentCache full:https://registry.npmjs.org/@esbuild%2fdarwin-arm64 cache-miss
1701 http fetch GET 200 https://registry.npmjs.org/@esbuild%2fopenbsd-x64 65ms (cache miss)
1702 silly packumentCache full:https://registry.npmjs.org/@esbuild%2fopenbsd-x64 set size:undefined disposed:false
1703 silly fetch manifest @esbuild/android-arm64@0.21.5
1704 silly packumentCache full:https://registry.npmjs.org/@esbuild%2fandroid-arm64 cache-miss
1705 http fetch GET 200 https://registry.npmjs.org/@esbuild%2fsunos-x64 487ms (cache miss)
1706 silly packumentCache full:https://registry.npmjs.org/@esbuild%2fsunos-x64 set size:undefined disposed:false
1707 silly fetch manifest @esbuild/freebsd-arm64@0.21.5
1708 silly packumentCache full:https://registry.npmjs.org/@esbuild%2ffreebsd-arm64 cache-miss
1709 http fetch GET 200 https://registry.npmjs.org/@esbuild%2fwin32-ia32 418ms (cache miss)
1710 silly packumentCache full:https://registry.npmjs.org/@esbuild%2fwin32-ia32 set size:undefined disposed:false
1711 silly fetch manifest @esbuild/linux-loong64@0.21.5
1712 silly packumentCache full:https://registry.npmjs.org/@esbuild%2flinux-loong64 cache-miss
1713 http fetch GET 200 https://registry.npmjs.org/@esbuild%2fwin32-arm64 92ms (cache miss)
1714 silly packumentCache full:https://registry.npmjs.org/@esbuild%2fwin32-arm64 set size:undefined disposed:false
1715 silly fetch manifest @esbuild/linux-riscv64@0.21.5
1716 silly packumentCache full:https://registry.npmjs.org/@esbuild%2flinux-riscv64 cache-miss
1717 http fetch GET 200 https://registry.npmjs.org/@esbuild%2fdarwin-arm64 69ms (cache miss)
1718 silly packumentCache full:https://registry.npmjs.org/@esbuild%2fdarwin-arm64 set size:undefined disposed:false
1719 silly fetch manifest @esbuild/linux-mips64el@0.21.5
1720 silly packumentCache full:https://registry.npmjs.org/@esbuild%2flinux-mips64el cache-miss
1721 http fetch GET 200 https://registry.npmjs.org/@esbuild%2fandroid-arm64 64ms (cache miss)
1722 silly packumentCache full:https://registry.npmjs.org/@esbuild%2fandroid-arm64 set size:undefined disposed:false
1723 silly fetch manifest @types/estree@1.0.9
1724 silly packumentCache full:https://registry.npmjs.org/@types%2festree cache-miss
1725 http fetch GET 200 https://registry.npmjs.org/@esbuild%2ffreebsd-arm64 53ms (cache miss)
1726 silly packumentCache full:https://registry.npmjs.org/@esbuild%2ffreebsd-arm64 set size:undefined disposed:false
1727 silly fetch manifest @rollup/rollup-darwin-arm64@4.62.2
1728 silly packumentCache full:https://registry.npmjs.org/@rollup%2frollup-darwin-arm64 cache-miss
1729 http fetch GET 200 https://registry.npmjs.org/@esbuild%2flinux-mips64el 70ms (cache miss)
1730 silly packumentCache full:https://registry.npmjs.org/@esbuild%2flinux-mips64el set size:undefined disposed:false
1731 silly fetch manifest @rollup/rollup-android-arm64@4.62.2
1732 silly packumentCache full:https://registry.npmjs.org/@rollup%2frollup-android-arm64 cache-miss
1733 http fetch GET 200 https://registry.npmjs.org/@types%2festree 45ms (cache miss)
1734 silly packumentCache full:https://registry.npmjs.org/@types%2festree set size:undefined disposed:false
1735 silly fetch manifest @rollup/rollup-win32-arm64-msvc@4.62.2
1736 silly packumentCache full:https://registry.npmjs.org/@rollup%2frollup-win32-arm64-msvc cache-miss
1737 http fetch GET 200 https://registry.npmjs.org/@esbuild%2flinux-riscv64 85ms (cache miss)
1738 silly packumentCache full:https://registry.npmjs.org/@esbuild%2flinux-riscv64 set size:undefined disposed:false
1739 silly fetch manifest @rollup/rollup-freebsd-arm64@4.62.2
1740 silly packumentCache full:https://registry.npmjs.org/@rollup%2frollup-freebsd-arm64 cache-miss
1741 http fetch GET 200 https://registry.npmjs.org/@rollup%2frollup-darwin-arm64 59ms (cache miss)
1742 silly packumentCache full:https://registry.npmjs.org/@rollup%2frollup-darwin-arm64 set size:undefined disposed:false
1743 silly fetch manifest @rollup/rollup-linux-arm64-gnu@4.62.2
1744 silly packumentCache full:https://registry.npmjs.org/@rollup%2frollup-linux-arm64-gnu cache-miss
1745 http fetch GET 200 https://registry.npmjs.org/@esbuild%2flinux-loong64 126ms (cache miss)
1746 silly packumentCache full:https://registry.npmjs.org/@esbuild%2flinux-loong64 set size:undefined disposed:false
1747 silly fetch manifest @rollup/rollup-linux-arm64-musl@4.62.2
1748 silly packumentCache full:https://registry.npmjs.org/@rollup%2frollup-linux-arm64-musl cache-miss
1749 http fetch GET 200 https://registry.npmjs.org/@esbuild%2flinux-arm64 299ms (cache miss)
1750 silly packumentCache full:https://registry.npmjs.org/@esbuild%2flinux-arm64 set size:undefined disposed:false
1751 silly fetch manifest @rollup/rollup-android-arm-eabi@4.62.2
1752 silly packumentCache full:https://registry.npmjs.org/@rollup%2frollup-android-arm-eabi cache-miss
1753 http fetch GET 200 https://registry.npmjs.org/@rollup%2frollup-android-arm64 66ms (cache miss)
1754 silly packumentCache full:https://registry.npmjs.org/@rollup%2frollup-android-arm64 set size:undefined disposed:false
1755 silly fetch manifest @rollup/rollup-linux-arm-gnueabihf@4.62.2
1756 silly packumentCache full:https://registry.npmjs.org/@rollup%2frollup-linux-arm-gnueabihf cache-miss
1757 http fetch GET 200 https://registry.npmjs.org/@rollup%2frollup-win32-arm64-msvc 65ms (cache miss)
1758 silly packumentCache full:https://registry.npmjs.org/@rollup%2frollup-win32-arm64-msvc set size:undefined disposed:false
1759 silly fetch manifest @rollup/rollup-linux-arm-musleabihf@4.62.2
1760 silly packumentCache full:https://registry.npmjs.org/@rollup%2frollup-linux-arm-musleabihf cache-miss
1761 http fetch GET 200 https://registry.npmjs.org/@rollup%2frollup-freebsd-arm64 66ms (cache miss)
1762 silly packumentCache full:https://registry.npmjs.org/@rollup%2frollup-freebsd-arm64 set size:undefined disposed:false
1763 silly fetch manifest @rollup/rollup-win32-ia32-msvc@4.62.2
1764 silly packumentCache full:https://registry.npmjs.org/@rollup%2frollup-win32-ia32-msvc cache-miss
1765 http fetch GET 200 https://registry.npmjs.org/@rollup%2frollup-linux-arm64-gnu 54ms (cache miss)
1766 silly packumentCache full:https://registry.npmjs.org/@rollup%2frollup-linux-arm64-gnu set size:undefined disposed:false
1767 silly fetch manifest @rollup/rollup-linux-loong64-gnu@4.62.2
1768 silly packumentCache full:https://registry.npmjs.org/@rollup%2frollup-linux-loong64-gnu cache-miss
1769 http fetch GET 200 https://registry.npmjs.org/@esbuild%2ffreebsd-x64 333ms (cache miss)
1770 silly packumentCache full:https://registry.npmjs.org/@esbuild%2ffreebsd-x64 set size:undefined disposed:false
1771 silly fetch manifest @rollup/rollup-linux-loong64-musl@4.62.2
1772 silly packumentCache full:https://registry.npmjs.org/@rollup%2frollup-linux-loong64-musl cache-miss
1773 http fetch GET 200 https://registry.npmjs.org/@rollup%2frollup-linux-loong64-gnu 42ms (cache miss)
1774 silly packumentCache full:https://registry.npmjs.org/@rollup%2frollup-linux-loong64-gnu set size:undefined disposed:false
1775 silly fetch manifest @rollup/rollup-linux-riscv64-gnu@4.62.2
1776 silly packumentCache full:https://registry.npmjs.org/@rollup%2frollup-linux-riscv64-gnu cache-miss
1777 http fetch GET 200 https://registry.npmjs.org/@rollup%2frollup-linux-arm-gnueabihf 62ms (cache miss)
1778 silly packumentCache full:https://registry.npmjs.org/@rollup%2frollup-linux-arm-gnueabihf set size:undefined disposed:false
1779 silly fetch manifest @rollup/rollup-linux-riscv64-musl@4.62.2
1780 silly packumentCache full:https://registry.npmjs.org/@rollup%2frollup-linux-riscv64-musl cache-miss
1781 http fetch GET 200 https://registry.npmjs.org/@rollup%2frollup-linux-loong64-musl 40ms (cache miss)
1782 silly packumentCache full:https://registry.npmjs.org/@rollup%2frollup-linux-loong64-musl set size:undefined disposed:false
1783 silly fetch manifest @rollup/rollup-linux-ppc64-gnu@4.62.2
1784 silly packumentCache full:https://registry.npmjs.org/@rollup%2frollup-linux-ppc64-gnu cache-miss
1785 http fetch GET 200 https://registry.npmjs.org/@rollup%2frollup-android-arm-eabi 70ms (cache miss)
1786 silly packumentCache full:https://registry.npmjs.org/@rollup%2frollup-android-arm-eabi set size:undefined disposed:false
1787 silly fetch manifest @rollup/rollup-linux-ppc64-musl@4.62.2
1788 silly packumentCache full:https://registry.npmjs.org/@rollup%2frollup-linux-ppc64-musl cache-miss
1789 http fetch GET 200 https://registry.npmjs.org/@rollup%2frollup-win32-ia32-msvc 84ms (cache miss)
1790 silly packumentCache full:https://registry.npmjs.org/@rollup%2frollup-win32-ia32-msvc set size:undefined disposed:false
1791 silly fetch manifest @rollup/rollup-linux-s390x-gnu@4.62.2
1792 silly packumentCache full:https://registry.npmjs.org/@rollup%2frollup-linux-s390x-gnu cache-miss
1793 http fetch GET 200 https://registry.npmjs.org/@rollup%2frollup-linux-ppc64-musl 37ms (cache miss)
1794 silly packumentCache full:https://registry.npmjs.org/@rollup%2frollup-linux-ppc64-musl set size:undefined disposed:false
1795 silly fetch manifest @rollup/rollup-darwin-x64@4.62.2
1796 silly packumentCache full:https://registry.npmjs.org/@rollup%2frollup-darwin-x64 cache-miss
1797 http fetch GET 200 https://registry.npmjs.org/@rollup%2frollup-linux-ppc64-gnu 48ms (cache miss)
1798 silly packumentCache full:https://registry.npmjs.org/@rollup%2frollup-linux-ppc64-gnu set size:undefined disposed:false
1799 silly fetch manifest @rollup/rollup-win32-x64-gnu@4.62.2
1800 silly packumentCache full:https://registry.npmjs.org/@rollup%2frollup-win32-x64-gnu cache-miss
1801 http fetch GET 200 https://registry.npmjs.org/@rollup%2frollup-linux-riscv64-gnu 64ms (cache miss)
1802 silly packumentCache full:https://registry.npmjs.org/@rollup%2frollup-linux-riscv64-gnu set size:undefined disposed:false
1803 silly fetch manifest @rollup/rollup-win32-x64-msvc@4.62.2
1804 silly packumentCache full:https://registry.npmjs.org/@rollup%2frollup-win32-x64-msvc cache-miss
1805 http fetch GET 200 https://registry.npmjs.org/@rollup%2frollup-win32-x64-gnu 39ms (cache miss)
1806 silly packumentCache full:https://registry.npmjs.org/@rollup%2frollup-win32-x64-gnu set size:undefined disposed:false
1807 silly fetch manifest @rollup/rollup-freebsd-x64@4.62.2
1808 silly packumentCache full:https://registry.npmjs.org/@rollup%2frollup-freebsd-x64 cache-miss
1809 http fetch GET 200 https://registry.npmjs.org/@rollup%2frollup-linux-s390x-gnu 68ms (cache miss)
1810 silly packumentCache full:https://registry.npmjs.org/@rollup%2frollup-linux-s390x-gnu set size:undefined disposed:false
1811 silly fetch manifest @rollup/rollup-linux-x64-gnu@4.62.2
1812 silly packumentCache full:https://registry.npmjs.org/@rollup%2frollup-linux-x64-gnu cache-miss
1813 http fetch GET 200 https://registry.npmjs.org/@rollup%2frollup-darwin-x64 60ms (cache miss)
1814 silly packumentCache full:https://registry.npmjs.org/@rollup%2frollup-darwin-x64 set size:undefined disposed:false
1815 silly fetch manifest @rollup/rollup-linux-x64-musl@4.62.2
1816 silly packumentCache full:https://registry.npmjs.org/@rollup%2frollup-linux-x64-musl cache-miss
1817 http fetch GET 200 https://registry.npmjs.org/@rollup%2frollup-win32-x64-msvc 74ms (cache miss)
1818 silly packumentCache full:https://registry.npmjs.org/@rollup%2frollup-win32-x64-msvc set size:undefined disposed:false
1819 silly fetch manifest @rollup/rollup-openbsd-x64@4.62.2
1820 silly packumentCache full:https://registry.npmjs.org/@rollup%2frollup-openbsd-x64 cache-miss
1821 http fetch GET 200 https://registry.npmjs.org/@rollup%2frollup-freebsd-x64 48ms (cache miss)
1822 silly packumentCache full:https://registry.npmjs.org/@rollup%2frollup-freebsd-x64 set size:undefined disposed:false
1823 silly fetch manifest @rollup/rollup-openharmony-arm64@4.62.2
1824 silly packumentCache full:https://registry.npmjs.org/@rollup%2frollup-openharmony-arm64 cache-miss
1825 http fetch GET 200 https://registry.npmjs.org/@rollup%2frollup-linux-x64-musl 57ms (cache miss)
1826 silly packumentCache full:https://registry.npmjs.org/@rollup%2frollup-linux-x64-musl set size:undefined disposed:false
1827 http fetch GET 200 https://registry.npmjs.org/@rollup%2frollup-linux-arm64-musl 258ms (cache miss)
1828 silly packumentCache full:https://registry.npmjs.org/@rollup%2frollup-linux-arm64-musl set size:undefined disposed:false
1829 http fetch GET 200 https://registry.npmjs.org/@rollup%2frollup-openbsd-x64 38ms (cache miss)
1830 silly packumentCache full:https://registry.npmjs.org/@rollup%2frollup-openbsd-x64 set size:undefined disposed:false
1831 http fetch GET 200 https://registry.npmjs.org/@rollup%2frollup-linux-x64-gnu 97ms (cache miss)
1832 silly packumentCache full:https://registry.npmjs.org/@rollup%2frollup-linux-x64-gnu set size:undefined disposed:false
1833 http fetch GET 200 https://registry.npmjs.org/@rollup%2frollup-linux-arm-musleabihf 261ms (cache miss)
1834 silly packumentCache full:https://registry.npmjs.org/@rollup%2frollup-linux-arm-musleabihf set size:undefined disposed:false
1835 http fetch GET 200 https://registry.npmjs.org/@rollup%2frollup-openharmony-arm64 58ms (cache miss)
1836 silly packumentCache full:https://registry.npmjs.org/@rollup%2frollup-openharmony-arm64 set size:undefined disposed:false
1837 http fetch GET 200 https://registry.npmjs.org/@rollup%2frollup-linux-riscv64-musl 201ms (cache miss)
1838 silly packumentCache full:https://registry.npmjs.org/@rollup%2frollup-linux-riscv64-musl set size:undefined disposed:false
1839 silly placeDep ROOT @esbuild/aix-ppc64@0.21.5 OK for: esbuild@0.21.5 want: 0.21.5
1840 silly placeDep ROOT @esbuild/android-arm@0.21.5 OK for: esbuild@0.21.5 want: 0.21.5
1841 silly placeDep ROOT @esbuild/android-arm64@0.21.5 OK for: esbuild@0.21.5 want: 0.21.5
1842 silly placeDep ROOT @esbuild/android-x64@0.21.5 OK for: esbuild@0.21.5 want: 0.21.5
1843 silly placeDep ROOT @esbuild/darwin-arm64@0.21.5 OK for: esbuild@0.21.5 want: 0.21.5
1844 silly placeDep ROOT @esbuild/darwin-x64@0.21.5 OK for: esbuild@0.21.5 want: 0.21.5
1845 silly placeDep ROOT @esbuild/freebsd-arm64@0.21.5 OK for: esbuild@0.21.5 want: 0.21.5
1846 silly placeDep ROOT @esbuild/freebsd-x64@0.21.5 OK for: esbuild@0.21.5 want: 0.21.5
1847 silly placeDep ROOT @esbuild/linux-arm@0.21.5 OK for: esbuild@0.21.5 want: 0.21.5
1848 silly placeDep ROOT @esbuild/linux-arm64@0.21.5 OK for: esbuild@0.21.5 want: 0.21.5
1849 silly placeDep ROOT @esbuild/linux-ia32@0.21.5 OK for: esbuild@0.21.5 want: 0.21.5
1850 silly placeDep ROOT @esbuild/linux-loong64@0.21.5 OK for: esbuild@0.21.5 want: 0.21.5
1851 silly placeDep ROOT @esbuild/linux-mips64el@0.21.5 OK for: esbuild@0.21.5 want: 0.21.5
1852 silly placeDep ROOT @esbuild/linux-ppc64@0.21.5 OK for: esbuild@0.21.5 want: 0.21.5
1853 silly placeDep ROOT @esbuild/linux-riscv64@0.21.5 OK for: esbuild@0.21.5 want: 0.21.5
1854 silly placeDep ROOT @esbuild/linux-s390x@0.21.5 OK for: esbuild@0.21.5 want: 0.21.5
1855 silly placeDep ROOT @esbuild/linux-x64@0.21.5 OK for: esbuild@0.21.5 want: 0.21.5
1856 silly placeDep ROOT @esbuild/netbsd-x64@0.21.5 OK for: esbuild@0.21.5 want: 0.21.5
1857 silly placeDep ROOT @esbuild/openbsd-x64@0.21.5 OK for: esbuild@0.21.5 want: 0.21.5
1858 silly placeDep ROOT @esbuild/sunos-x64@0.21.5 OK for: esbuild@0.21.5 want: 0.21.5
1859 silly placeDep ROOT @esbuild/win32-arm64@0.21.5 OK for: esbuild@0.21.5 want: 0.21.5
1860 silly placeDep ROOT @esbuild/win32-ia32@0.21.5 OK for: esbuild@0.21.5 want: 0.21.5
1861 silly placeDep ROOT @esbuild/win32-x64@0.21.5 OK for: esbuild@0.21.5 want: 0.21.5
1862 silly placeDep ROOT @rollup/rollup-android-arm-eabi@4.62.2 OK for: rollup@4.62.2 want: 4.62.2
1863 silly placeDep ROOT @rollup/rollup-android-arm64@4.62.2 OK for: rollup@4.62.2 want: 4.62.2
1864 silly placeDep ROOT @rollup/rollup-darwin-arm64@4.62.2 OK for: rollup@4.62.2 want: 4.62.2
1865 silly placeDep ROOT @rollup/rollup-darwin-x64@4.62.2 OK for: rollup@4.62.2 want: 4.62.2
1866 silly placeDep ROOT @rollup/rollup-freebsd-arm64@4.62.2 OK for: rollup@4.62.2 want: 4.62.2
1867 silly placeDep ROOT @rollup/rollup-freebsd-x64@4.62.2 OK for: rollup@4.62.2 want: 4.62.2
1868 silly placeDep ROOT @rollup/rollup-linux-arm-gnueabihf@4.62.2 OK for: rollup@4.62.2 want: 4.62.2
1869 silly placeDep ROOT @rollup/rollup-linux-arm-musleabihf@4.62.2 OK for: rollup@4.62.2 want: 4.62.2
1870 silly placeDep ROOT @rollup/rollup-linux-arm64-gnu@4.62.2 OK for: rollup@4.62.2 want: 4.62.2
1871 silly placeDep ROOT @rollup/rollup-linux-arm64-musl@4.62.2 OK for: rollup@4.62.2 want: 4.62.2
1872 silly placeDep ROOT @rollup/rollup-linux-loong64-gnu@4.62.2 OK for: rollup@4.62.2 want: 4.62.2
1873 silly placeDep ROOT @rollup/rollup-linux-loong64-musl@4.62.2 OK for: rollup@4.62.2 want: 4.62.2
1874 silly placeDep ROOT @rollup/rollup-linux-ppc64-gnu@4.62.2 OK for: rollup@4.62.2 want: 4.62.2
1875 silly placeDep ROOT @rollup/rollup-linux-ppc64-musl@4.62.2 OK for: rollup@4.62.2 want: 4.62.2
1876 silly placeDep ROOT @rollup/rollup-linux-riscv64-gnu@4.62.2 OK for: rollup@4.62.2 want: 4.62.2
1877 silly placeDep ROOT @rollup/rollup-linux-riscv64-musl@4.62.2 OK for: rollup@4.62.2 want: 4.62.2
1878 silly placeDep ROOT @rollup/rollup-linux-s390x-gnu@4.62.2 OK for: rollup@4.62.2 want: 4.62.2
1879 silly placeDep ROOT @rollup/rollup-linux-x64-gnu@4.62.2 OK for: rollup@4.62.2 want: 4.62.2
1880 silly placeDep ROOT @rollup/rollup-linux-x64-musl@4.62.2 OK for: rollup@4.62.2 want: 4.62.2
1881 silly placeDep ROOT @rollup/rollup-openbsd-x64@4.62.2 OK for: rollup@4.62.2 want: 4.62.2
1882 silly placeDep ROOT @rollup/rollup-openharmony-arm64@4.62.2 OK for: rollup@4.62.2 want: 4.62.2
1883 silly placeDep ROOT @rollup/rollup-win32-arm64-msvc@4.62.2 OK for: rollup@4.62.2 want: 4.62.2
1884 silly placeDep ROOT @rollup/rollup-win32-ia32-msvc@4.62.2 OK for: rollup@4.62.2 want: 4.62.2
1885 silly placeDep ROOT @rollup/rollup-win32-x64-gnu@4.62.2 OK for: rollup@4.62.2 want: 4.62.2
1886 silly placeDep ROOT @rollup/rollup-win32-x64-msvc@4.62.2 OK for: rollup@4.62.2 want: 4.62.2
1887 silly placeDep ROOT @types/estree@1.0.9 OK for: rollup@4.62.2 want: 1.0.9
1888 silly placeDep ROOT http-parser-js@0.5.10 OK for: websocket-driver@0.7.5 want: >=0.5.1
1889 silly placeDep ROOT safe-buffer@5.2.1 OK for: websocket-driver@0.7.5 want: >=5.1.0
1890 silly placeDep ROOT websocket-extensions@0.1.4 OK for: websocket-driver@0.7.5 want: >=0.1.1
1891 silly placeDep ROOT cliui@8.0.1 OK for: yargs@17.7.3 want: ^8.0.1
1892 silly placeDep ROOT get-caller-file@2.0.5 OK for: yargs@17.7.3 want: ^2.0.5
1893 silly placeDep ROOT require-directory@2.1.1 OK for: yargs@17.7.3 want: ^2.1.1
1894 silly placeDep ROOT string-width@4.2.3 OK for: yargs@17.7.3 want: ^4.2.3
1895 silly placeDep ROOT y18n@5.0.8 OK for: yargs@17.7.3 want: ^5.0.5
1896 silly placeDep ROOT yargs-parser@21.1.1 OK for: yargs@17.7.3 want: ^21.1.1
1897 silly fetch manifest wrap-ansi@^7.0.0
1898 silly packumentCache full:https://registry.npmjs.org/wrap-ansi cache-miss
1899 silly fetch manifest strip-ansi@^6.0.1
1900 silly packumentCache full:https://registry.npmjs.org/strip-ansi cache-miss
1901 silly fetch manifest string-width@^4.2.0
1902 silly packumentCache full:https://registry.npmjs.org/string-width cache-miss
1903 silly fetch manifest strip-ansi@^6.0.1
1904 silly packumentCache full:https://registry.npmjs.org/strip-ansi cache-miss
1905 silly fetch manifest emoji-regex@^8.0.0
1906 silly packumentCache full:https://registry.npmjs.org/emoji-regex cache-miss
1907 silly fetch manifest is-fullwidth-code-point@^3.0.0
1908 silly packumentCache full:https://registry.npmjs.org/is-fullwidth-code-point cache-miss
1909 http cache https://registry.npmjs.org/string-width 4ms (cache hit)
1910 silly packumentCache full:https://registry.npmjs.org/string-width set size:70381 disposed:false
1911 http fetch GET 200 https://registry.npmjs.org/is-fullwidth-code-point 186ms (cache miss)
1912 silly packumentCache full:https://registry.npmjs.org/is-fullwidth-code-point set size:undefined disposed:false
1913 http fetch GET 200 https://registry.npmjs.org/strip-ansi 188ms (cache miss)
1914 silly packumentCache full:https://registry.npmjs.org/strip-ansi set size:undefined disposed:false
1915 http fetch GET 200 https://registry.npmjs.org/wrap-ansi 190ms (cache miss)
1916 silly packumentCache full:https://registry.npmjs.org/wrap-ansi set size:undefined disposed:false
1917 http fetch GET 200 https://registry.npmjs.org/strip-ansi 191ms (cache miss)
1918 silly packumentCache full:https://registry.npmjs.org/strip-ansi set size:undefined disposed:false
1919 http fetch GET 200 https://registry.npmjs.org/emoji-regex 198ms (cache miss)
1920 silly packumentCache full:https://registry.npmjs.org/emoji-regex set size:undefined disposed:false
1921 silly placeDep ROOT strip-ansi@6.0.1 OK for: cliui@8.0.1 want: ^6.0.1
1922 silly placeDep ROOT wrap-ansi@7.0.0 OK for: cliui@8.0.1 want: ^7.0.0
1923 silly fetch manifest ansi-regex@^5.0.1
1924 silly packumentCache full:https://registry.npmjs.org/ansi-regex cache-miss
1925 silly fetch manifest ansi-styles@^4.0.0
1926 silly packumentCache full:https://registry.npmjs.org/ansi-styles cache-miss
1927 http fetch GET 200 https://registry.npmjs.org/ansi-styles 168ms (cache miss)
1928 silly packumentCache full:https://registry.npmjs.org/ansi-styles set size:undefined disposed:false
1929 http fetch GET 200 https://registry.npmjs.org/ansi-regex 169ms (cache miss)
1930 silly packumentCache full:https://registry.npmjs.org/ansi-regex set size:undefined disposed:false
1931 silly placeDep ROOT emoji-regex@8.0.0 OK for: string-width@4.2.3 want: ^8.0.0
1932 silly placeDep ROOT is-fullwidth-code-point@3.0.0 OK for: string-width@4.2.3 want: ^3.0.0
1933 silly placeDep ROOT ansi-regex@5.0.1 OK for: strip-ansi@6.0.1 want: ^5.0.1
1934 silly placeDep ROOT ansi-styles@4.3.0 OK for: wrap-ansi@7.0.0 want: ^4.0.0
1935 silly fetch manifest color-convert@^2.0.1
1936 silly packumentCache full:https://registry.npmjs.org/color-convert cache-miss
1937 http fetch GET 200 https://registry.npmjs.org/color-convert 276ms (cache miss)
1938 silly packumentCache full:https://registry.npmjs.org/color-convert set size:undefined disposed:false
1939 silly placeDep ROOT color-convert@2.0.1 OK for: ansi-styles@4.3.0 want: ^2.0.1
1940 silly fetch manifest color-name@~1.1.4
1941 silly packumentCache full:https://registry.npmjs.org/color-name cache-miss
1942 http fetch GET 200 https://registry.npmjs.org/color-name 30ms (cache miss)
1943 silly packumentCache full:https://registry.npmjs.org/color-name set size:undefined disposed:false
1944 silly placeDep ROOT color-name@1.1.4 OK for: color-convert@2.0.1 want: ~1.1.4
1945 silly reify moves {}
1946 silly audit bulk request {
1946 silly audit   '@headlessui/react': [ '2.2.10' ],
1946 silly audit   react: [ '18.3.1' ],
1946 silly audit   'react-dom': [ '18.3.1' ],
1946 silly audit   '@types/react': [ '18.3.31' ],
1946 silly audit   '@types/react-dom': [ '18.3.7' ],
1946 silly audit   '@vitejs/plugin-react': [ '4.7.0' ],
1946 silly audit   vite: [ '5.4.21' ],
1946 silly audit   autoprefixer: [ '10.5.2' ],
1946 silly audit   postcss: [ '8.5.16' ],
1946 silly audit   firebase: [ '10.14.1' ],
1946 silly audit   'framer-motion': [ '11.18.2' ],
1946 silly audit   'lucide-react': [ '0.395.0' ],
1946 silly audit   'react-hook-form': [ '7.80.0' ],
1946 silly audit   'react-hot-toast': [ '2.6.0' ],
1946 silly audit   'react-router-dom': [ '6.30.4' ],
1946 silly audit   recharts: [ '2.15.4' ],
1946 silly audit   tailwindcss: [ '3.4.19' ],
1946 silly audit   typescript: [ '5.9.3' ],
1946 silly audit   '@floating-ui/react': [ '0.26.28' ],
1946 silly audit   '@react-aria/focus': [ '3.22.1' ],
1946 silly audit   '@react-aria/interactions': [ '3.28.1' ],
1946 silly audit   '@tanstack/react-virtual': [ '3.14.5' ],
1946 silly audit   'use-sync-external-store': [ '1.6.0' ],
1946 silly audit   '@floating-ui/react-dom': [ '2.1.8' ],
1946 silly audit   '@floating-ui/utils': [ '0.2.11' ],
1946 silly audit   tabbable: [ '6.5.0' ],
1946 silly audit   '@floating-ui/dom': [ '1.7.6' ],
1946 silly audit   '@floating-ui/core': [ '1.7.5' ],
1946 silly audit   '@swc/helpers': [ '0.5.23' ],
1946 silly audit   'react-aria': [ '3.50.0' ],
1946 silly audit   '@react-types/shared': [ '3.36.0' ],
1946 silly audit   tslib: [ '2.8.1' ],
1946 silly audit   '@tanstack/virtual-core': [ '3.17.3' ],
1946 silly audit   '@types/prop-types': [ '15.7.15' ],
1946 silly audit   csstype: [ '3.2.3' ],
1946 silly audit   '@babel/core': [ '7.29.7' ],
1946 silly audit   '@babel/plugin-transform-react-jsx-self': [ '7.29.7' ],
1946 silly audit   '@babel/plugin-transform-react-jsx-source': [ '7.29.7' ],
1946 silly audit   '@rolldown/pluginutils': [ '1.0.0-beta.27' ],
1946 silly audit   '@types/babel__core': [ '7.20.5' ],
1946 silly audit   'react-refresh': [ '0.17.0' ],
1946 silly audit   '@babel/code-frame': [ '7.29.7' ],
1946 silly audit   '@babel/generator': [ '7.29.7' ],
1946 silly audit   '@babel/helper-compilation-targets': [ '7.29.7' ],
1946 silly audit   '@babel/helper-module-transforms': [ '7.29.7' ],
1946 silly audit   '@babel/helpers': [ '7.29.7' ],
1946 silly audit   '@babel/parser': [ '7.29.7' ],
1946 silly audit   '@babel/template': [ '7.29.7' ],
1946 silly audit   '@babel/traverse': [ '7.29.7' ],
1946 silly audit   '@babel/types': [ '7.29.7' ],
1946 silly audit   '@jridgewell/remapping': [ '2.3.5' ],
1946 silly audit   'convert-source-map': [ '2.0.0' ],
1946 silly audit   debug: [ '4.4.3' ],
1946 silly audit   gensync: [ '1.0.0-beta.2' ],
1946 silly audit   json5: [ '2.2.3' ],
1946 silly audit   semver: [ '6.3.1' ],
1946 silly audit   '@babel/helper-validator-identifier': [ '7.29.7' ],
1946 silly audit   'js-tokens': [ '4.0.0' ],
1946 silly audit   picocolors: [ '1.1.1' ],
1946 silly audit   '@jridgewell/gen-mapping': [ '0.3.13' ],
1946 silly audit   '@jridgewell/trace-mapping': [ '0.3.31' ],
1946 silly audit   jsesc: [ '3.1.0' ],
1946 silly audit   '@babel/compat-data': [ '7.29.7' ],
1946 silly audit   '@babel/helper-validator-option': [ '7.29.7' ],
1946 silly audit   browserslist: [ '4.28.4' ],
1946 silly audit   'lru-cache': [ '5.1.1' ],
1946 silly audit   '@babel/helper-module-imports': [ '7.29.7' ],
1946 silly audit   '@babel/helper-plugin-utils': [ '7.29.7' ],
1946 silly audit   '@babel/helper-globals': [ '7.29.7' ],
1946 silly audit   '@babel/helper-string-parser': [ '7.29.7' ],
1946 silly audit   '@jridgewell/sourcemap-codec': [ '1.5.5' ],
1946 silly audit   '@jridgewell/resolve-uri': [ '3.1.2' ],
1946 silly audit   '@types/babel__generator': [ '7.27.0' ],
1946 silly audit   '@types/babel__template': [ '7.4.4' ],
1946 silly audit   '@types/babel__traverse': [ '7.28.0' ],
1946 silly audit   'caniuse-lite': [ '1.0.30001800' ],
1946 silly audit   'fraction.js': [ '5.3.4' ],
1946 silly audit   'postcss-value-parser': [ '4.2.0' ],
1946 silly audit   'baseline-browser-mapping': [ '2.10.41' ],
1946 silly audit   'electron-to-chromium': [ '1.5.384' ],
1946 silly audit   'node-releases': [ '2.0.50' ],
1946 silly audit   'update-browserslist-db': [ '1.2.3' ],
1946 silly audit   ms: [ '2.1.3' ],
1946 silly audit   '@firebase/analytics': [ '0.10.8' ],
1946 silly audit   '@firebase/app': [ '0.10.13' ],
1946 silly audit   '@firebase/analytics-compat': [ '0.2.14' ],
1946 silly audit   '@firebase/app-compat': [ '0.2.43' ],
1946 silly audit   '@firebase/app-check': [ '0.8.8' ],
1946 silly audit   '@firebase/app-check-compat': [ '0.3.15' ],
1946 silly audit   '@firebase/app-types': [ '0.9.2' ],
1946 silly audit   '@firebase/auth': [ '1.7.9' ],
1946 silly audit   '@firebase/auth-compat': [ '0.5.14' ],
1946 silly audit   '@firebase/data-connect': [ '0.1.0' ],
1946 silly audit   '@firebase/database': [ '1.0.8' ],
1946 silly audit   '@firebase/database-compat': [ '1.0.8' ],
1946 silly audit   '@firebase/firestore': [ '4.7.3' ],
1946 silly audit   '@firebase/firestore-compat': [ '0.3.38' ],
1946 silly audit   '@firebase/functions': [ '0.11.8' ],
1946 silly audit   '@firebase/functions-compat': [ '0.3.14' ],
1946 silly audit   '@firebase/installations': [ '0.6.9' ],
1946 silly audit   '@firebase/installations-compat': [ '0.2.9' ],
1946 silly audit   '@firebase/messaging': [ '0.12.12' ],
1946 silly audit   '@firebase/messaging-compat': [ '0.2.12' ],
1946 silly audit   '@firebase/performance': [ '0.6.9' ],
1946 silly audit   '@firebase/performance-compat': [ '0.2.9' ],
1946 silly audit   '@firebase/remote-config': [ '0.4.9' ],
1946 silly audit   '@firebase/remote-config-compat': [ '0.2.9' ],
1946 silly audit   '@firebase/storage': [ '0.13.2' ],
1946 silly audit   '@firebase/storage-compat': [ '0.3.12' ],
1946 silly audit   '@firebase/util': [ '1.10.0' ],
1946 silly audit   '@firebase/vertexai-preview': [ '0.0.4' ],
1946 silly audit   '@firebase/component': [ '0.6.9' ],
1946 silly audit   '@firebase/logger': [ '0.4.2' ],
1946 silly audit   '@firebase/analytics-types': [ '0.8.2' ],
1946 silly audit   idb: [ '7.1.1' ],
1946 silly audit   '@firebase/app-check-types': [ '0.5.2' ],
1946 silly audit   '@firebase/auth-types': [ '0.12.2' ],
1946 silly audit   undici: [ '6.19.7' ],
1946 silly audit   '@firebase/auth-interop-types': [ '0.2.3' ],
1946 silly audit   '@firebase/app-check-interop-types': [ '0.3.2' ],
1946 silly audit   'faye-websocket': [ '0.11.4' ],
1946 silly audit   '@firebase/database-types': [ '1.0.5' ],
1946 silly audit   '@firebase/webchannel-wrapper': [ '1.0.1' ],
1946 silly audit   '@grpc/grpc-js': [ '1.9.16' ],
1946 silly audit   '@grpc/proto-loader': [ '0.7.15' ],
1946 silly audit   '@firebase/firestore-types': [ '3.0.2' ],
1946 silly audit   '@firebase/messaging-interop-types': [ '0.2.2' ],
1946 silly audit   '@firebase/functions-types': [ '0.6.2' ],
1946 silly audit   '@firebase/installations-types': [ '0.5.2' ],
1946 silly audit   '@firebase/performance-types': [ '0.2.2' ],
1946 silly audit   '@firebase/remote-config-types': [ '0.3.2' ],
1946 silly audit   '@firebase/storage-types': [ '0.8.2' ],
1946 silly audit   '@types/node': [ '26.1.0' ],
1946 silly audit   'lodash.camelcase': [ '4.3.0' ],
1946 silly audit   long: [ '5.3.2' ],
1946 silly audit   protobufjs: [ '7.6.4' ],
1946 silly audit   yargs: [ '17.7.3' ],
1946 silly audit   'undici-types': [ '8.3.0' ],
1946 silly audit   'websocket-driver': [ '0.7.5' ],
1946 silly audit   'motion-dom': [ '11.18.1' ],
1946 silly audit   'motion-utils': [ '11.18.1' ],
1946 silly audit   yallist: [ '3.1.1' ],
1946 silly audit   nanoid: [ '3.3.15' ],
1946 silly audit   'source-map-js': [ '1.2.1' ],
1946 silly audit   '@protobufjs/aspromise': [ '1.1.2' ],
1946 silly audit   '@protobufjs/base64': [ '1.1.2' ],
1946 silly audit   '@protobufjs/codegen': [ '2.0.5' ],
1946 silly audit   '@protobufjs/eventemitter': [ '1.1.1' ],
1946 silly audit   '@protobufjs/fetch': [ '1.1.1' ],
1946 silly audit   '@protobufjs/float': [ '1.0.2' ],
1946 silly audit   '@protobufjs/path': [ '1.1.2' ],
1946 silly audit   '@protobufjs/pool': [ '1.1.0' ],
1946 silly audit   '@protobufjs/utf8': [ '1.1.1' ],
1946 silly audit   'loose-envify': [ '1.4.0' ],
1946 silly audit   '@internationalized/date': [ '3.12.2' ],
1946 silly audit   '@internationalized/number': [ '3.6.7' ],
1946 silly audit   '@internationalized/string': [ '3.2.9' ],
1946 silly audit   'aria-hidden': [ '1.2.6' ],
1946 silly audit   clsx: [ '2.1.1' ],
1946 silly audit   'react-stately': [ '3.48.0' ],
1946 silly audit   scheduler: [ '0.23.2' ],
1946 silly audit   goober: [ '2.1.19' ],
1946 silly audit   '@remix-run/router': [ '1.23.3' ],
1946 silly audit   'react-router': [ '6.30.4' ],
1946 silly audit   eventemitter3: [ '4.0.7' ],
1946 silly audit   lodash: [ '4.18.1' ],
1946 silly audit   'react-is': [ '18.3.1', '16.13.1' ],
1946 silly audit   'react-smooth': [ '4.0.4' ],
1946 silly audit   'recharts-scale': [ '0.4.5' ],
1946 silly audit   'tiny-invariant': [ '1.3.3' ],
1946 silly audit   'victory-vendor': [ '36.9.2' ],
1946 silly audit   'fast-equals': [ '5.4.0' ],
1946 silly audit   'prop-types': [ '15.8.1' ],
1946 silly audit   'react-transition-group': [ '4.4.5' ],
1946 silly audit   'object-assign': [ '4.1.1' ],
1946 silly audit   '@babel/runtime': [ '7.29.7' ],
1946 silly audit   'dom-helpers': [ '5.2.1' ],
1946 silly audit   'decimal.js-light': [ '2.5.1' ],
1946 silly audit   '@alloc/quick-lru': [ '5.2.0' ],
1946 silly audit   arg: [ '5.0.2' ],
1946 silly audit   chokidar: [ '3.6.0' ],
1946 silly audit   didyoumean: [ '1.2.2' ],
1946 silly audit   dlv: [ '1.1.3' ],
1946 silly audit   'fast-glob': [ '3.3.3' ],
1946 silly audit   'glob-parent': [ '6.0.2', '5.1.2' ],
1946 silly audit   'is-glob': [ '4.0.3' ],
1946 silly audit   jiti: [ '1.21.7' ],
1946 silly audit   lilconfig: [ '3.1.3' ],
1946 silly audit   micromatch: [ '4.0.8' ],
1946 silly audit   'normalize-path': [ '3.0.0' ],
1946 silly audit   'object-hash': [ '3.0.0' ],
1946 silly audit   'postcss-import': [ '15.1.0' ],
1946 silly audit   'postcss-js': [ '4.1.0' ],
1946 silly audit   'postcss-load-config': [ '6.0.1' ],
1946 silly audit   'postcss-nested': [ '6.2.0' ],
1946 silly audit   'postcss-selector-parser': [ '6.1.4' ],
1946 silly audit   resolve: [ '1.22.12' ],
1946 silly audit   sucrase: [ '3.35.1' ],
1946 silly audit   anymatch: [ '3.1.3' ],
1946 silly audit   braces: [ '3.0.3' ],
1946 silly audit   fsevents: [ '2.3.3' ],
1946 silly audit   'is-binary-path': [ '2.1.0' ],
1946 silly audit   readdirp: [ '3.6.0' ],
1946 silly audit   picomatch: [ '2.3.2', '4.0.5' ],
1946 silly audit   'fill-range': [ '7.1.1' ],
1946 silly audit   '@nodelib/fs.stat': [ '2.0.5' ],
1946 silly audit   '@nodelib/fs.walk': [ '1.2.8' ],
1946 silly audit   merge2: [ '1.4.1' ],
1946 silly audit   '@nodelib/fs.scandir': [ '2.1.5' ],
1946 silly audit   fastq: [ '1.20.1' ],
1946 silly audit   'run-parallel': [ '1.2.0' ],
1946 silly audit   reusify: [ '1.1.0' ],
1946 silly audit   'to-regex-range': [ '5.0.1' ],
1946 silly audit   'binary-extensions': [ '2.3.0' ],
1946 silly audit   'is-extglob': [ '2.1.1' ],
1946 silly audit   'read-cache': [ '1.0.0' ],
1946 silly audit   'camelcase-css': [ '2.0.1' ],
1946 silly audit   cssesc: [ '3.0.0' ],
1946 silly audit   'util-deprecate': [ '1.0.2' ],
1946 silly audit   pify: [ '2.3.0' ],
1946 silly audit   'es-errors': [ '1.3.0' ],
1946 silly audit   'is-core-module': [ '2.16.2' ],
1946 silly audit   'path-parse': [ '1.0.7' ],
1946 silly audit   'supports-preserve-symlinks-flag': [ '1.0.0' ],
1946 silly audit   hasown: [ '2.0.4' ],
1946 silly audit   'function-bind': [ '1.1.2' ],
1946 silly audit   'queue-microtask': [ '1.2.3' ],
1946 silly audit   commander: [ '4.1.1' ],
1946 silly audit   'lines-and-columns': [ '1.2.4' ],
1946 silly audit   mz: [ '2.7.0' ],
1946 silly audit   pirates: [ '4.0.7' ],
1946 silly audit   tinyglobby: [ '0.2.17' ],
1946 silly audit   'ts-interface-checker': [ '0.1.13' ],
1946 silly audit   'any-promise': [ '1.3.0' ],
1946 silly audit   'thenify-all': [ '1.6.0' ],
1946 silly audit   thenify: [ '3.3.1' ],
1946 silly audit   fdir: [ '6.5.0' ],
1946 silly audit   'is-number': [ '7.0.0' ],
1946 silly audit   escalade: [ '3.2.0' ],
1946 silly audit   '@types/d3-array': [ '3.2.2' ],
1946 silly audit   '@types/d3-ease': [ '3.0.2' ],
1946 silly audit   '@types/d3-interpolate': [ '3.0.4' ],
1946 silly audit   '@types/d3-scale': [ '4.0.9' ],
1946 silly audit   '@types/d3-shape': [ '3.1.8' ],
1946 silly audit   '@types/d3-time': [ '3.0.4' ],
1946 silly audit   '@types/d3-timer': [ '3.0.2' ],
1946 silly audit   'd3-array': [ '3.2.4' ],
1946 silly audit   'd3-ease': [ '3.0.1' ],
1946 silly audit   'd3-interpolate': [ '3.0.1' ],
1946 silly audit   'd3-scale': [ '4.0.2' ],
1946 silly audit   'd3-shape': [ '3.2.0' ],
1946 silly audit   'd3-time': [ '3.1.0' ],
1946 silly audit   'd3-timer': [ '3.0.1' ],
1946 silly audit   '@types/d3-color': [ '3.1.3' ],
1946 silly audit   '@types/d3-path': [ '3.1.1' ],
1946 silly audit   internmap: [ '2.0.3' ],
1946 silly audit   'd3-color': [ '3.1.0' ],
1946 silly audit   'd3-format': [ '3.1.2' ],
1946 silly audit   'd3-time-format': [ '4.1.0' ],
1946 silly audit   'd3-path': [ '3.1.0' ],
1946 silly audit   esbuild: [ '0.21.5' ],
1946 silly audit   rollup: [ '4.62.2' ],
1946 silly audit   '@esbuild/aix-ppc64': [ '0.21.5' ],
1946 silly audit   '@esbuild/android-arm': [ '0.21.5' ],
1946 silly audit   '@esbuild/android-arm64': [ '0.21.5' ],
1946 silly audit   '@esbuild/android-x64': [ '0.21.5' ],
1946 silly audit   '@esbuild/darwin-arm64': [ '0.21.5' ],
1946 silly audit   '@esbuild/darwin-x64': [ '0.21.5' ],
1946 silly audit   '@esbuild/freebsd-arm64': [ '0.21.5' ],
1946 silly audit   '@esbuild/freebsd-x64': [ '0.21.5' ],
1946 silly audit   '@esbuild/linux-arm': [ '0.21.5' ],
1946 silly audit   '@esbuild/linux-arm64': [ '0.21.5' ],
1946 silly audit   '@esbuild/linux-ia32': [ '0.21.5' ],
1946 silly audit   '@esbuild/linux-loong64': [ '0.21.5' ],
1946 silly audit   '@esbuild/linux-mips64el': [ '0.21.5' ],
1946 silly audit   '@esbuild/linux-ppc64': [ '0.21.5' ],
1946 silly audit   '@esbuild/linux-riscv64': [ '0.21.5' ],
1946 silly audit   '@esbuild/linux-s390x': [ '0.21.5' ],
1946 silly audit   '@esbuild/linux-x64': [ '0.21.5' ],
1946 silly audit   '@esbuild/netbsd-x64': [ '0.21.5' ],
1946 silly audit   '@esbuild/openbsd-x64': [ '0.21.5' ],
1946 silly audit   '@esbuild/sunos-x64': [ '0.21.5' ],
1946 silly audit   '@esbuild/win32-arm64': [ '0.21.5' ],
1946 silly audit   '@esbuild/win32-ia32': [ '0.21.5' ],
1946 silly audit   '@esbuild/win32-x64': [ '0.21.5' ],
1946 silly audit   '@rollup/rollup-android-arm-eabi': [ '4.62.2' ],
1946 silly audit   '@rollup/rollup-android-arm64': [ '4.62.2' ],
1946 silly audit   '@rollup/rollup-darwin-arm64': [ '4.62.2' ],
1946 silly audit   '@rollup/rollup-darwin-x64': [ '4.62.2' ],
1946 silly audit   '@rollup/rollup-freebsd-arm64': [ '4.62.2' ],
1946 silly audit   '@rollup/rollup-freebsd-x64': [ '4.62.2' ],
1946 silly audit   '@rollup/rollup-linux-arm-gnueabihf': [ '4.62.2' ],
1946 silly audit   '@rollup/rollup-linux-arm-musleabihf': [ '4.62.2' ],
1946 silly audit   '@rollup/rollup-linux-arm64-gnu': [ '4.62.2' ],
1946 silly audit   '@rollup/rollup-linux-arm64-musl': [ '4.62.2' ],
1946 silly audit   '@rollup/rollup-linux-loong64-gnu': [ '4.62.2' ],
1946 silly audit   '@rollup/rollup-linux-loong64-musl': [ '4.62.2' ],
1946 silly audit   '@rollup/rollup-linux-ppc64-gnu': [ '4.62.2' ],
1946 silly audit   '@rollup/rollup-linux-ppc64-musl': [ '4.62.2' ],
1946 silly audit   '@rollup/rollup-linux-riscv64-gnu': [ '4.62.2' ],
1946 silly audit   '@rollup/rollup-linux-riscv64-musl': [ '4.62.2' ],
1946 silly audit   '@rollup/rollup-linux-s390x-gnu': [ '4.62.2' ],
1946 silly audit   '@rollup/rollup-linux-x64-gnu': [ '4.62.2' ],
1946 silly audit   '@rollup/rollup-linux-x64-musl': [ '4.62.2' ],
1946 silly audit   '@rollup/rollup-openbsd-x64': [ '4.62.2' ],
1946 silly audit   '@rollup/rollup-openharmony-arm64': [ '4.62.2' ],
1946 silly audit   '@rollup/rollup-win32-arm64-msvc': [ '4.62.2' ],
1946 silly audit   '@rollup/rollup-win32-ia32-msvc': [ '4.62.2' ],
1946 silly audit   '@rollup/rollup-win32-x64-gnu': [ '4.62.2' ],
1946 silly audit   '@rollup/rollup-win32-x64-msvc': [ '4.62.2' ],
1946 silly audit   '@types/estree': [ '1.0.9' ],
1946 silly audit   'http-parser-js': [ '0.5.10' ],
1946 silly audit   'safe-buffer': [ '5.2.1' ],
1946 silly audit   'websocket-extensions': [ '0.1.4' ],
1946 silly audit   cliui: [ '8.0.1' ],
1946 silly audit   'get-caller-file': [ '2.0.5' ],
1946 silly audit   'require-directory': [ '2.1.1' ],
1946 silly audit   'string-width': [ '4.2.3' ],
1946 silly audit   y18n: [ '5.0.8' ],
1946 silly audit   'yargs-parser': [ '21.1.1' ],
1946 silly audit   'strip-ansi': [ '6.0.1' ],
1946 silly audit   'wrap-ansi': [ '7.0.0' ],
1946 silly audit   'emoji-regex': [ '8.0.0' ],
1946 silly audit   'is-fullwidth-code-point': [ '3.0.0' ],
1946 silly audit   'ansi-regex': [ '5.0.1' ],
1946 silly audit   'ansi-styles': [ '4.3.0' ],
1946 silly audit   'color-convert': [ '2.0.1' ],
1946 silly audit   'color-name': [ '1.1.4' ]
1946 silly audit }
1947 http cache color-convert@https://registry.npmjs.org/color-convert/-/color-convert-2.0.1.tgz 0ms (cache hit)
1948 http cache ansi-styles@https://registry.npmjs.org/ansi-styles/-/ansi-styles-4.3.0.tgz 0ms (cache hit)
1949 http cache ansi-regex@https://registry.npmjs.org/ansi-regex/-/ansi-regex-5.0.1.tgz 0ms (cache hit)
1950 http cache color-name@https://registry.npmjs.org/color-name/-/color-name-1.1.4.tgz 0ms (cache hit)
1951 http cache wrap-ansi@https://registry.npmjs.org/wrap-ansi/-/wrap-ansi-7.0.0.tgz 0ms (cache hit)
1952 http cache yargs-parser@https://registry.npmjs.org/yargs-parser/-/yargs-parser-21.1.1.tgz 0ms (cache hit)
1953 http cache strip-ansi@https://registry.npmjs.org/strip-ansi/-/strip-ansi-6.0.1.tgz 0ms (cache hit)
1954 http cache emoji-regex@https://registry.npmjs.org/emoji-regex/-/emoji-regex-8.0.0.tgz 0ms (cache hit)
1955 http cache y18n@https://registry.npmjs.org/y18n/-/y18n-5.0.8.tgz 0ms (cache hit)
1956 http cache is-fullwidth-code-point@https://registry.npmjs.org/is-fullwidth-code-point/-/is-fullwidth-code-point-3.0.0.tgz 0ms (cache hit)
1957 http cache string-width@https://registry.npmjs.org/string-width/-/string-width-4.2.3.tgz 0ms (cache hit)
1958 http cache cliui@https://registry.npmjs.org/cliui/-/cliui-8.0.1.tgz 0ms (cache hit)
1959 http cache get-caller-file@https://registry.npmjs.org/get-caller-file/-/get-caller-file-2.0.5.tgz 0ms (cache hit)
1960 http cache require-directory@https://registry.npmjs.org/require-directory/-/require-directory-2.1.1.tgz 0ms (cache hit)
1961 http cache http-parser-js@https://registry.npmjs.org/http-parser-js/-/http-parser-js-0.5.10.tgz 0ms (cache hit)
1962 http cache @rollup/rollup-darwin-arm64@https://registry.npmjs.org/@rollup/rollup-darwin-arm64/-/rollup-darwin-arm64-4.62.2.tgz 0ms (cache hit)
1963 http cache safe-buffer@https://registry.npmjs.org/safe-buffer/-/safe-buffer-5.2.1.tgz 0ms (cache hit)
1964 http cache @types/estree@https://registry.npmjs.org/@types/estree/-/estree-1.0.9.tgz 0ms (cache hit)
1965 http cache websocket-extensions@https://registry.npmjs.org/websocket-extensions/-/websocket-extensions-0.1.4.tgz 0ms (cache hit)
1966 http cache @esbuild/darwin-arm64@https://registry.npmjs.org/@esbuild/darwin-arm64/-/darwin-arm64-0.21.5.tgz 0ms (cache hit)
1967 http cache rollup@https://registry.npmjs.org/rollup/-/rollup-4.62.2.tgz 0ms (cache hit)
1968 http cache esbuild@https://registry.npmjs.org/esbuild/-/esbuild-0.21.5.tgz 0ms (cache hit)
1969 http cache d3-path@https://registry.npmjs.org/d3-path/-/d3-path-3.1.0.tgz 0ms (cache hit)
1970 http cache d3-time-format@https://registry.npmjs.org/d3-time-format/-/d3-time-format-4.1.0.tgz 0ms (cache hit)
1971 http cache d3-format@https://registry.npmjs.org/d3-format/-/d3-format-3.1.2.tgz 0ms (cache hit)
1972 http cache d3-color@https://registry.npmjs.org/d3-color/-/d3-color-3.1.0.tgz 0ms (cache hit)
1973 http cache @types/d3-path@https://registry.npmjs.org/@types/d3-path/-/d3-path-3.1.1.tgz 0ms (cache hit)
1974 http cache @types/d3-color@https://registry.npmjs.org/@types/d3-color/-/d3-color-3.1.3.tgz 0ms (cache hit)
1975 http cache internmap@https://registry.npmjs.org/internmap/-/internmap-2.0.3.tgz 0ms (cache hit)
1976 http cache d3-timer@https://registry.npmjs.org/d3-timer/-/d3-timer-3.0.1.tgz 0ms (cache hit)
1977 http cache d3-time@https://registry.npmjs.org/d3-time/-/d3-time-3.1.0.tgz 0ms (cache hit)
1978 http cache d3-shape@https://registry.npmjs.org/d3-shape/-/d3-shape-3.2.0.tgz 0ms (cache hit)
1979 http cache d3-scale@https://registry.npmjs.org/d3-scale/-/d3-scale-4.0.2.tgz 0ms (cache hit)
1980 http cache d3-interpolate@https://registry.npmjs.org/d3-interpolate/-/d3-interpolate-3.0.1.tgz 0ms (cache hit)
1981 http cache d3-ease@https://registry.npmjs.org/d3-ease/-/d3-ease-3.0.1.tgz 0ms (cache hit)
1982 http cache d3-array@https://registry.npmjs.org/d3-array/-/d3-array-3.2.4.tgz 0ms (cache hit)
1983 http cache @types/d3-timer@https://registry.npmjs.org/@types/d3-timer/-/d3-timer-3.0.2.tgz 0ms (cache hit)
1984 http cache @types/d3-time@https://registry.npmjs.org/@types/d3-time/-/d3-time-3.0.4.tgz 0ms (cache hit)
1985 http cache @types/d3-shape@https://registry.npmjs.org/@types/d3-shape/-/d3-shape-3.1.8.tgz 0ms (cache hit)
1986 http cache @types/d3-scale@https://registry.npmjs.org/@types/d3-scale/-/d3-scale-4.0.9.tgz 0ms (cache hit)
1987 http cache @types/d3-interpolate@https://registry.npmjs.org/@types/d3-interpolate/-/d3-interpolate-3.0.4.tgz 0ms (cache hit)
1988 http cache @types/d3-ease@https://registry.npmjs.org/@types/d3-ease/-/d3-ease-3.0.2.tgz 0ms (cache hit)
1989 http cache escalade@https://registry.npmjs.org/escalade/-/escalade-3.2.0.tgz 0ms (cache hit)
1990 http cache is-number@https://registry.npmjs.org/is-number/-/is-number-7.0.0.tgz 0ms (cache hit)
1991 http cache @types/d3-array@https://registry.npmjs.org/@types/d3-array/-/d3-array-3.2.2.tgz 0ms (cache hit)
1992 http cache thenify-all@https://registry.npmjs.org/thenify-all/-/thenify-all-1.6.0.tgz 0ms (cache hit)
1993 http cache any-promise@https://registry.npmjs.org/any-promise/-/any-promise-1.3.0.tgz 0ms (cache hit)
1994 http cache thenify@https://registry.npmjs.org/thenify/-/thenify-3.3.1.tgz 0ms (cache hit)
1995 http cache ts-interface-checker@https://registry.npmjs.org/ts-interface-checker/-/ts-interface-checker-0.1.13.tgz 0ms (cache hit)
1996 http cache tinyglobby@https://registry.npmjs.org/tinyglobby/-/tinyglobby-0.2.17.tgz 0ms (cache hit)
1997 http cache pirates@https://registry.npmjs.org/pirates/-/pirates-4.0.7.tgz 0ms (cache hit)
1998 http cache mz@https://registry.npmjs.org/mz/-/mz-2.7.0.tgz 0ms (cache hit)
1999 http cache commander@https://registry.npmjs.org/commander/-/commander-4.1.1.tgz 0ms (cache hit)
2000 http cache queue-microtask@https://registry.npmjs.org/queue-microtask/-/queue-microtask-1.2.3.tgz 0ms (cache hit)
2001 http cache hasown@https://registry.npmjs.org/hasown/-/hasown-2.0.4.tgz 0ms (cache hit)
2002 http cache lines-and-columns@https://registry.npmjs.org/lines-and-columns/-/lines-and-columns-1.2.4.tgz 0ms (cache hit)
2003 http cache function-bind@https://registry.npmjs.org/function-bind/-/function-bind-1.1.2.tgz 0ms (cache hit)
2004 http cache supports-preserve-symlinks-flag@https://registry.npmjs.org/supports-preserve-symlinks-flag/-/supports-preserve-symlinks-flag-1.0.0.tgz 0ms (cache hit)
2005 http cache es-errors@https://registry.npmjs.org/es-errors/-/es-errors-1.3.0.tgz 0ms (cache hit)
2006 http cache pify@https://registry.npmjs.org/pify/-/pify-2.3.0.tgz 0ms (cache hit)
2007 http cache util-deprecate@https://registry.npmjs.org/util-deprecate/-/util-deprecate-1.0.2.tgz 0ms (cache hit)
2008 http cache is-core-module@https://registry.npmjs.org/is-core-module/-/is-core-module-2.16.2.tgz 0ms (cache hit)
2009 http cache path-parse@https://registry.npmjs.org/path-parse/-/path-parse-1.0.7.tgz 0ms (cache hit)
2010 http cache cssesc@https://registry.npmjs.org/cssesc/-/cssesc-3.0.0.tgz 0ms (cache hit)
2011 http cache read-cache@https://registry.npmjs.org/read-cache/-/read-cache-1.0.0.tgz 0ms (cache hit)
2012 http cache binary-extensions@https://registry.npmjs.org/binary-extensions/-/binary-extensions-2.3.0.tgz 0ms (cache hit)
2013 http cache to-regex-range@https://registry.npmjs.org/to-regex-range/-/to-regex-range-5.0.1.tgz 0ms (cache hit)
2014 http cache camelcase-css@https://registry.npmjs.org/camelcase-css/-/camelcase-css-2.0.1.tgz 0ms (cache hit)
2015 http cache reusify@https://registry.npmjs.org/reusify/-/reusify-1.1.0.tgz 0ms (cache hit)
2016 http cache run-parallel@https://registry.npmjs.org/run-parallel/-/run-parallel-1.2.0.tgz 0ms (cache hit)
2017 http cache fastq@https://registry.npmjs.org/fastq/-/fastq-1.20.1.tgz 0ms (cache hit)
2018 http cache @nodelib/fs.scandir@https://registry.npmjs.org/@nodelib/fs.scandir/-/fs.scandir-2.1.5.tgz 0ms (cache hit)
2019 http cache merge2@https://registry.npmjs.org/merge2/-/merge2-1.4.1.tgz 0ms (cache hit)
2020 http cache @nodelib/fs.stat@https://registry.npmjs.org/@nodelib/fs.stat/-/fs.stat-2.0.5.tgz 0ms (cache hit)
2021 http cache fill-range@https://registry.npmjs.org/fill-range/-/fill-range-7.1.1.tgz 0ms (cache hit)
2022 http cache @nodelib/fs.walk@https://registry.npmjs.org/@nodelib/fs.walk/-/fs.walk-1.2.8.tgz 0ms (cache hit)
2023 http cache picomatch@https://registry.npmjs.org/picomatch/-/picomatch-2.3.2.tgz 0ms (cache hit)
2024 http cache readdirp@https://registry.npmjs.org/readdirp/-/readdirp-3.6.0.tgz 0ms (cache hit)
2025 http cache is-extglob@https://registry.npmjs.org/is-extglob/-/is-extglob-2.1.1.tgz 0ms (cache hit)
2026 http cache is-binary-path@https://registry.npmjs.org/is-binary-path/-/is-binary-path-2.1.0.tgz 0ms (cache hit)
2027 http cache fsevents@https://registry.npmjs.org/fsevents/-/fsevents-2.3.3.tgz 0ms (cache hit)
2028 http cache braces@https://registry.npmjs.org/braces/-/braces-3.0.3.tgz 0ms (cache hit)
2029 http cache anymatch@https://registry.npmjs.org/anymatch/-/anymatch-3.1.3.tgz 0ms (cache hit)
2030 http cache sucrase@https://registry.npmjs.org/sucrase/-/sucrase-3.35.1.tgz 0ms (cache hit)
2031 http cache resolve@https://registry.npmjs.org/resolve/-/resolve-1.22.12.tgz 0ms (cache hit)
2032 http cache postcss-selector-parser@https://registry.npmjs.org/postcss-selector-parser/-/postcss-selector-parser-6.1.4.tgz 0ms (cache hit)
2033 http cache postcss-js@https://registry.npmjs.org/postcss-js/-/postcss-js-4.1.0.tgz 0ms (cache hit)
2034 http cache postcss-load-config@https://registry.npmjs.org/postcss-load-config/-/postcss-load-config-6.0.1.tgz 0ms (cache hit)
2035 http cache postcss-nested@https://registry.npmjs.org/postcss-nested/-/postcss-nested-6.2.0.tgz 0ms (cache hit)
2036 http cache postcss-import@https://registry.npmjs.org/postcss-import/-/postcss-import-15.1.0.tgz 0ms (cache hit)
2037 http cache object-hash@https://registry.npmjs.org/object-hash/-/object-hash-3.0.0.tgz 0ms (cache hit)
2038 http cache normalize-path@https://registry.npmjs.org/normalize-path/-/normalize-path-3.0.0.tgz 0ms (cache hit)
2039 http cache micromatch@https://registry.npmjs.org/micromatch/-/micromatch-4.0.8.tgz 0ms (cache hit)
2040 http cache jiti@https://registry.npmjs.org/jiti/-/jiti-1.21.7.tgz 0ms (cache hit)
2041 http cache lilconfig@https://registry.npmjs.org/lilconfig/-/lilconfig-3.1.3.tgz 0ms (cache hit)
2042 http cache glob-parent@https://registry.npmjs.org/glob-parent/-/glob-parent-6.0.2.tgz 0ms (cache hit)
2043 http cache fast-glob@https://registry.npmjs.org/fast-glob/-/fast-glob-3.3.3.tgz 0ms (cache hit)
2044 http cache dlv@https://registry.npmjs.org/dlv/-/dlv-1.1.3.tgz 0ms (cache hit)
2045 http cache is-glob@https://registry.npmjs.org/is-glob/-/is-glob-4.0.3.tgz 0ms (cache hit)
2046 http cache arg@https://registry.npmjs.org/arg/-/arg-5.0.2.tgz 0ms (cache hit)
2047 http cache chokidar@https://registry.npmjs.org/chokidar/-/chokidar-3.6.0.tgz 0ms (cache hit)
2048 http cache @alloc/quick-lru@https://registry.npmjs.org/@alloc/quick-lru/-/quick-lru-5.2.0.tgz 0ms (cache hit)
2049 http cache decimal.js-light@https://registry.npmjs.org/decimal.js-light/-/decimal.js-light-2.5.1.tgz 0ms (cache hit)
2050 http cache dom-helpers@https://registry.npmjs.org/dom-helpers/-/dom-helpers-5.2.1.tgz 0ms (cache hit)
2051 http cache @babel/runtime@https://registry.npmjs.org/@babel/runtime/-/runtime-7.29.7.tgz 0ms (cache hit)
2052 http cache object-assign@https://registry.npmjs.org/object-assign/-/object-assign-4.1.1.tgz 0ms (cache hit)
2053 http cache react-transition-group@https://registry.npmjs.org/react-transition-group/-/react-transition-group-4.4.5.tgz 0ms (cache hit)
2054 http cache prop-types@https://registry.npmjs.org/prop-types/-/prop-types-15.8.1.tgz 0ms (cache hit)
2055 http cache victory-vendor@https://registry.npmjs.org/victory-vendor/-/victory-vendor-36.9.2.tgz 0ms (cache hit)
2056 http cache tiny-invariant@https://registry.npmjs.org/tiny-invariant/-/tiny-invariant-1.3.3.tgz 0ms (cache hit)
2057 http cache fast-equals@https://registry.npmjs.org/fast-equals/-/fast-equals-5.4.0.tgz 0ms (cache hit)
2058 http cache recharts-scale@https://registry.npmjs.org/recharts-scale/-/recharts-scale-0.4.5.tgz 0ms (cache hit)
2059 http cache react-smooth@https://registry.npmjs.org/react-smooth/-/react-smooth-4.0.4.tgz 0ms (cache hit)
2060 http cache lodash@https://registry.npmjs.org/lodash/-/lodash-4.18.1.tgz 0ms (cache hit)
2061 http cache eventemitter3@https://registry.npmjs.org/eventemitter3/-/eventemitter3-4.0.7.tgz 0ms (cache hit)
2062 http cache react-is@https://registry.npmjs.org/react-is/-/react-is-18.3.1.tgz 0ms (cache hit)
2063 http cache react-router@https://registry.npmjs.org/react-router/-/react-router-6.30.4.tgz 0ms (cache hit)
2064 http cache goober@https://registry.npmjs.org/goober/-/goober-2.1.19.tgz 0ms (cache hit)
2065 http cache scheduler@https://registry.npmjs.org/scheduler/-/scheduler-0.23.2.tgz 0ms (cache hit)
2066 http cache clsx@https://registry.npmjs.org/clsx/-/clsx-2.1.1.tgz 0ms (cache hit)
2067 http cache @remix-run/router@https://registry.npmjs.org/@remix-run/router/-/router-1.23.3.tgz 0ms (cache hit)
2068 http cache react-stately@https://registry.npmjs.org/react-stately/-/react-stately-3.48.0.tgz 0ms (cache hit)
2069 http cache didyoumean@https://registry.npmjs.org/didyoumean/-/didyoumean-1.2.2.tgz 0ms (cache hit)
2070 http cache @internationalized/string@https://registry.npmjs.org/@internationalized/string/-/string-3.2.9.tgz 0ms (cache hit)
2071 http cache @internationalized/number@https://registry.npmjs.org/@internationalized/number/-/number-3.6.7.tgz 0ms (cache hit)
2072 http cache loose-envify@https://registry.npmjs.org/loose-envify/-/loose-envify-1.4.0.tgz 0ms (cache hit)
2073 http cache @protobufjs/utf8@https://registry.npmjs.org/@protobufjs/utf8/-/utf8-1.1.1.tgz 0ms (cache hit)
2074 http cache @protobufjs/pool@https://registry.npmjs.org/@protobufjs/pool/-/pool-1.1.0.tgz 0ms (cache hit)
2075 http cache @internationalized/date@https://registry.npmjs.org/@internationalized/date/-/date-3.12.2.tgz 0ms (cache hit)
2076 http cache @protobufjs/float@https://registry.npmjs.org/@protobufjs/float/-/float-1.0.2.tgz 0ms (cache hit)
2077 http cache @protobufjs/fetch@https://registry.npmjs.org/@protobufjs/fetch/-/fetch-1.1.1.tgz 0ms (cache hit)
2078 http cache aria-hidden@https://registry.npmjs.org/aria-hidden/-/aria-hidden-1.2.6.tgz 0ms (cache hit)
2079 http cache @protobufjs/codegen@https://registry.npmjs.org/@protobufjs/codegen/-/codegen-2.0.5.tgz 0ms (cache hit)
2080 http cache @protobufjs/base64@https://registry.npmjs.org/@protobufjs/base64/-/base64-1.1.2.tgz 0ms (cache hit)
2081 http cache @protobufjs/eventemitter@https://registry.npmjs.org/@protobufjs/eventemitter/-/eventemitter-1.1.1.tgz 0ms (cache hit)
2082 http cache @protobufjs/aspromise@https://registry.npmjs.org/@protobufjs/aspromise/-/aspromise-1.1.2.tgz 0ms (cache hit)
2083 http cache yallist@https://registry.npmjs.org/yallist/-/yallist-3.1.1.tgz 0ms (cache hit)
2084 http cache motion-dom@https://registry.npmjs.org/motion-dom/-/motion-dom-11.18.1.tgz 0ms (cache hit)
2085 http cache nanoid@https://registry.npmjs.org/nanoid/-/nanoid-3.3.15.tgz 0ms (cache hit)
2086 http cache source-map-js@https://registry.npmjs.org/source-map-js/-/source-map-js-1.2.1.tgz 0ms (cache hit)
2087 http cache websocket-driver@https://registry.npmjs.org/websocket-driver/-/websocket-driver-0.7.5.tgz 0ms (cache hit)
2088 http cache undici-types@https://registry.npmjs.org/undici-types/-/undici-types-8.3.0.tgz 0ms (cache hit)
2089 http cache yargs@https://registry.npmjs.org/yargs/-/yargs-17.7.3.tgz 0ms (cache hit)
2090 http cache protobufjs@https://registry.npmjs.org/protobufjs/-/protobufjs-7.6.4.tgz 0ms (cache hit)
2091 http cache long@https://registry.npmjs.org/long/-/long-5.3.2.tgz 0ms (cache hit)
2092 http cache lodash.camelcase@https://registry.npmjs.org/lodash.camelcase/-/lodash.camelcase-4.3.0.tgz 0ms (cache hit)
2093 http cache @types/node@https://registry.npmjs.org/@types/node/-/node-26.1.0.tgz 0ms (cache hit)
2094 http cache @firebase/remote-config-types@https://registry.npmjs.org/@firebase/remote-config-types/-/remote-config-types-0.3.2.tgz 0ms (cache hit)
2095 http cache @firebase/performance-types@https://registry.npmjs.org/@firebase/performance-types/-/performance-types-0.2.2.tgz 0ms (cache hit)
2096 http cache @firebase/storage-types@https://registry.npmjs.org/@firebase/storage-types/-/storage-types-0.8.2.tgz 0ms (cache hit)
2097 http cache @firebase/functions-types@https://registry.npmjs.org/@firebase/functions-types/-/functions-types-0.6.2.tgz 0ms (cache hit)
2098 http cache @firebase/messaging-interop-types@https://registry.npmjs.org/@firebase/messaging-interop-types/-/messaging-interop-types-0.2.2.tgz 0ms (cache hit)
2099 http cache @firebase/firestore-types@https://registry.npmjs.org/@firebase/firestore-types/-/firestore-types-3.0.2.tgz 0ms (cache hit)
2100 http cache @protobufjs/path@https://registry.npmjs.org/@protobufjs/path/-/path-1.1.2.tgz 0ms (cache hit)
2101 http cache @grpc/proto-loader@https://registry.npmjs.org/@grpc/proto-loader/-/proto-loader-0.7.15.tgz 0ms (cache hit)
2102 http cache @grpc/grpc-js@https://registry.npmjs.org/@grpc/grpc-js/-/grpc-js-1.9.16.tgz 0ms (cache hit)
2103 http cache @firebase/webchannel-wrapper@https://registry.npmjs.org/@firebase/webchannel-wrapper/-/webchannel-wrapper-1.0.1.tgz 0ms (cache hit)
2104 http cache @firebase/database-types@https://registry.npmjs.org/@firebase/database-types/-/database-types-1.0.5.tgz 0ms (cache hit)
2105 http cache motion-utils@https://registry.npmjs.org/motion-utils/-/motion-utils-11.18.1.tgz 0ms (cache hit)
2106 http cache faye-websocket@https://registry.npmjs.org/faye-websocket/-/faye-websocket-0.11.4.tgz 0ms (cache hit)
2107 http cache @firebase/app-check-interop-types@https://registry.npmjs.org/@firebase/app-check-interop-types/-/app-check-interop-types-0.3.2.tgz 0ms (cache hit)
2108 http cache @firebase/auth-interop-types@https://registry.npmjs.org/@firebase/auth-interop-types/-/auth-interop-types-0.2.3.tgz 0ms (cache hit)
2109 http cache idb@https://registry.npmjs.org/idb/-/idb-7.1.1.tgz 0ms (cache hit)
2110 http cache @firebase/auth-types@https://registry.npmjs.org/@firebase/auth-types/-/auth-types-0.12.2.tgz 0ms (cache hit)
2111 http cache @firebase/installations-types@https://registry.npmjs.org/@firebase/installations-types/-/installations-types-0.5.2.tgz 0ms (cache hit)
2112 http cache @firebase/app-check-types@https://registry.npmjs.org/@firebase/app-check-types/-/app-check-types-0.5.2.tgz 0ms (cache hit)
2113 http cache undici@https://registry.npmjs.org/undici/-/undici-6.19.7.tgz 0ms (cache hit)
2114 http cache @firebase/analytics-types@https://registry.npmjs.org/@firebase/analytics-types/-/analytics-types-0.8.2.tgz 0ms (cache hit)
2115 http cache @firebase/component@https://registry.npmjs.org/@firebase/component/-/component-0.6.9.tgz 0ms (cache hit)
2116 http cache @firebase/logger@https://registry.npmjs.org/@firebase/logger/-/logger-0.4.2.tgz 0ms (cache hit)
2117 http cache @firebase/util@https://registry.npmjs.org/@firebase/util/-/util-1.10.0.tgz 0ms (cache hit)
2118 http cache @firebase/storage@https://registry.npmjs.org/@firebase/storage/-/storage-0.13.2.tgz 0ms (cache hit)
2119 http cache @firebase/remote-config@https://registry.npmjs.org/@firebase/remote-config/-/remote-config-0.4.9.tgz 0ms (cache hit)
2120 http cache @firebase/performance@https://registry.npmjs.org/@firebase/performance/-/performance-0.6.9.tgz 0ms (cache hit)
2121 http cache @firebase/performance-compat@https://registry.npmjs.org/@firebase/performance-compat/-/performance-compat-0.2.9.tgz 0ms (cache hit)
2122 http cache @firebase/storage-compat@https://registry.npmjs.org/@firebase/storage-compat/-/storage-compat-0.3.12.tgz 0ms (cache hit)
2123 http cache @firebase/messaging-compat@https://registry.npmjs.org/@firebase/messaging-compat/-/messaging-compat-0.2.12.tgz 0ms (cache hit)
2124 http cache @firebase/messaging@https://registry.npmjs.org/@firebase/messaging/-/messaging-0.12.12.tgz 0ms (cache hit)
2125 http cache @firebase/installations-compat@https://registry.npmjs.org/@firebase/installations-compat/-/installations-compat-0.2.9.tgz 0ms (cache hit)
2126 http cache @firebase/vertexai-preview@https://registry.npmjs.org/@firebase/vertexai-preview/-/vertexai-preview-0.0.4.tgz 0ms (cache hit)
2127 http cache @firebase/installations@https://registry.npmjs.org/@firebase/installations/-/installations-0.6.9.tgz 0ms (cache hit)
2128 http cache @firebase/functions-compat@https://registry.npmjs.org/@firebase/functions-compat/-/functions-compat-0.3.14.tgz 0ms (cache hit)
2129 http cache @firebase/firestore@https://registry.npmjs.org/@firebase/firestore/-/firestore-4.7.3.tgz 0ms (cache hit)
2130 http cache @firebase/database-compat@https://registry.npmjs.org/@firebase/database-compat/-/database-compat-1.0.8.tgz 0ms (cache hit)
2131 http cache @firebase/functions@https://registry.npmjs.org/@firebase/functions/-/functions-0.11.8.tgz 0ms (cache hit)
2132 http cache @firebase/database@https://registry.npmjs.org/@firebase/database/-/database-1.0.8.tgz 0ms (cache hit)
2133 http cache @firebase/data-connect@https://registry.npmjs.org/@firebase/data-connect/-/data-connect-0.1.0.tgz 0ms (cache hit)
2134 http cache @firebase/firestore-compat@https://registry.npmjs.org/@firebase/firestore-compat/-/firestore-compat-0.3.38.tgz 0ms (cache hit)
2135 http cache @firebase/auth-compat@https://registry.npmjs.org/@firebase/auth-compat/-/auth-compat-0.5.14.tgz 0ms (cache hit)
2136 http cache @firebase/app-types@https://registry.npmjs.org/@firebase/app-types/-/app-types-0.9.2.tgz 0ms (cache hit)
2137 http cache @firebase/app-check-compat@https://registry.npmjs.org/@firebase/app-check-compat/-/app-check-compat-0.3.15.tgz 0ms (cache hit)
2138 http cache @firebase/remote-config-compat@https://registry.npmjs.org/@firebase/remote-config-compat/-/remote-config-compat-0.2.9.tgz 0ms (cache hit)
2139 http cache @firebase/app-compat@https://registry.npmjs.org/@firebase/app-compat/-/app-compat-0.2.43.tgz 0ms (cache hit)
2140 http cache @firebase/analytics-compat@https://registry.npmjs.org/@firebase/analytics-compat/-/analytics-compat-0.2.14.tgz 0ms (cache hit)
2141 http cache @firebase/app@https://registry.npmjs.org/@firebase/app/-/app-0.10.13.tgz 0ms (cache hit)
2142 http cache @firebase/app-check@https://registry.npmjs.org/@firebase/app-check/-/app-check-0.8.8.tgz 0ms (cache hit)
2143 http cache ms@https://registry.npmjs.org/ms/-/ms-2.1.3.tgz 0ms (cache hit)
2144 http cache update-browserslist-db@https://registry.npmjs.org/update-browserslist-db/-/update-browserslist-db-1.2.3.tgz 0ms (cache hit)
2145 http cache @firebase/analytics@https://registry.npmjs.org/@firebase/analytics/-/analytics-0.10.8.tgz 0ms (cache hit)
2146 http cache node-releases@https://registry.npmjs.org/node-releases/-/node-releases-2.0.50.tgz 0ms (cache hit)
2147 http cache fraction.js@https://registry.npmjs.org/fraction.js/-/fraction.js-5.3.4.tgz 0ms (cache hit)
2148 http cache electron-to-chromium@https://registry.npmjs.org/electron-to-chromium/-/electron-to-chromium-1.5.384.tgz 0ms (cache hit)
2149 http cache caniuse-lite@https://registry.npmjs.org/caniuse-lite/-/caniuse-lite-1.0.30001800.tgz 0ms (cache hit)
2150 http cache @types/babel__template@https://registry.npmjs.org/@types/babel__template/-/babel__template-7.4.4.tgz 0ms (cache hit)
2151 http cache @types/babel__traverse@https://registry.npmjs.org/@types/babel__traverse/-/babel__traverse-7.28.0.tgz 0ms (cache hit)
2152 http cache @babel/helper-string-parser@https://registry.npmjs.org/@babel/helper-string-parser/-/helper-string-parser-7.29.7.tgz 0ms (cache hit)
2153 http cache postcss-value-parser@https://registry.npmjs.org/postcss-value-parser/-/postcss-value-parser-4.2.0.tgz 0ms (cache hit)
2154 http cache @types/babel__generator@https://registry.npmjs.org/@types/babel__generator/-/babel__generator-7.27.0.tgz 0ms (cache hit)
2155 http cache baseline-browser-mapping@https://registry.npmjs.org/baseline-browser-mapping/-/baseline-browser-mapping-2.10.41.tgz 0ms (cache hit)
2156 http cache @babel/helper-globals@https://registry.npmjs.org/@babel/helper-globals/-/helper-globals-7.29.7.tgz 0ms (cache hit)
2157 http cache @jridgewell/resolve-uri@https://registry.npmjs.org/@jridgewell/resolve-uri/-/resolve-uri-3.1.2.tgz 0ms (cache hit)
2158 http cache @babel/helper-plugin-utils@https://registry.npmjs.org/@babel/helper-plugin-utils/-/helper-plugin-utils-7.29.7.tgz 0ms (cache hit)
2159 http cache @babel/helper-module-imports@https://registry.npmjs.org/@babel/helper-module-imports/-/helper-module-imports-7.29.7.tgz 0ms (cache hit)
2160 http cache lru-cache@https://registry.npmjs.org/lru-cache/-/lru-cache-5.1.1.tgz 0ms (cache hit)
2161 http cache jsesc@https://registry.npmjs.org/jsesc/-/jsesc-3.1.0.tgz 0ms (cache hit)
2162 http cache @babel/compat-data@https://registry.npmjs.org/@babel/compat-data/-/compat-data-7.29.7.tgz 0ms (cache hit)
2163 http cache @babel/helper-validator-option@https://registry.npmjs.org/@babel/helper-validator-option/-/helper-validator-option-7.29.7.tgz 0ms (cache hit)
2164 http cache browserslist@https://registry.npmjs.org/browserslist/-/browserslist-4.28.4.tgz 0ms (cache hit)
2165 http cache @jridgewell/trace-mapping@https://registry.npmjs.org/@jridgewell/trace-mapping/-/trace-mapping-0.3.31.tgz 0ms (cache hit)
2166 http cache @jridgewell/gen-mapping@https://registry.npmjs.org/@jridgewell/gen-mapping/-/gen-mapping-0.3.13.tgz 0ms (cache hit)
2167 http cache picocolors@https://registry.npmjs.org/picocolors/-/picocolors-1.1.1.tgz 0ms (cache hit)
2168 http cache js-tokens@https://registry.npmjs.org/js-tokens/-/js-tokens-4.0.0.tgz 0ms (cache hit)
2169 http cache @jridgewell/sourcemap-codec@https://registry.npmjs.org/@jridgewell/sourcemap-codec/-/sourcemap-codec-1.5.5.tgz 0ms (cache hit)
2170 http cache semver@https://registry.npmjs.org/semver/-/semver-6.3.1.tgz 0ms (cache hit)
2171 http cache @babel/helper-validator-identifier@https://registry.npmjs.org/@babel/helper-validator-identifier/-/helper-validator-identifier-7.29.7.tgz 0ms (cache hit)
2172 http cache debug@https://registry.npmjs.org/debug/-/debug-4.4.3.tgz 0ms (cache hit)
2173 http cache @jridgewell/remapping@https://registry.npmjs.org/@jridgewell/remapping/-/remapping-2.3.5.tgz 0ms (cache hit)
2174 http cache convert-source-map@https://registry.npmjs.org/convert-source-map/-/convert-source-map-2.0.0.tgz 0ms (cache hit)
2175 http cache gensync@https://registry.npmjs.org/gensync/-/gensync-1.0.0-beta.2.tgz 0ms (cache hit)
2176 http cache @babel/types@https://registry.npmjs.org/@babel/types/-/types-7.29.7.tgz 0ms (cache hit)
2177 http cache @babel/template@https://registry.npmjs.org/@babel/template/-/template-7.29.7.tgz 0ms (cache hit)
2178 http cache json5@https://registry.npmjs.org/json5/-/json5-2.2.3.tgz 0ms (cache hit)
2179 http cache @babel/traverse@https://registry.npmjs.org/@babel/traverse/-/traverse-7.29.7.tgz 0ms (cache hit)
2180 http cache @babel/helpers@https://registry.npmjs.org/@babel/helpers/-/helpers-7.29.7.tgz 0ms (cache hit)
2181 http cache @babel/parser@https://registry.npmjs.org/@babel/parser/-/parser-7.29.7.tgz 0ms (cache hit)
2182 http cache @babel/helper-module-transforms@https://registry.npmjs.org/@babel/helper-module-transforms/-/helper-module-transforms-7.29.7.tgz 0ms (cache hit)
2183 http cache @babel/generator@https://registry.npmjs.org/@babel/generator/-/generator-7.29.7.tgz 0ms (cache hit)
2184 http cache react-refresh@https://registry.npmjs.org/react-refresh/-/react-refresh-0.17.0.tgz 0ms (cache hit)
2185 http cache @rolldown/pluginutils@https://registry.npmjs.org/@rolldown/pluginutils/-/pluginutils-1.0.0-beta.27.tgz 0ms (cache hit)
2186 http cache @babel/code-frame@https://registry.npmjs.org/@babel/code-frame/-/code-frame-7.29.7.tgz 0ms (cache hit)
2187 http cache @babel/plugin-transform-react-jsx-source@https://registry.npmjs.org/@babel/plugin-transform-react-jsx-source/-/plugin-transform-react-jsx-source-7.29.7.tgz 0ms (cache hit)
2188 http cache @babel/helper-compilation-targets@https://registry.npmjs.org/@babel/helper-compilation-targets/-/helper-compilation-targets-7.29.7.tgz 0ms (cache hit)
2189 http cache @babel/plugin-transform-react-jsx-self@https://registry.npmjs.org/@babel/plugin-transform-react-jsx-self/-/plugin-transform-react-jsx-self-7.29.7.tgz 0ms (cache hit)
2190 http cache @types/babel__core@https://registry.npmjs.org/@types/babel__core/-/babel__core-7.20.5.tgz 0ms (cache hit)
2191 http cache csstype@https://registry.npmjs.org/csstype/-/csstype-3.2.3.tgz 0ms (cache hit)
2192 http cache @tanstack/virtual-core@https://registry.npmjs.org/@tanstack/virtual-core/-/virtual-core-3.17.3.tgz 0ms (cache hit)
2193 http cache @types/prop-types@https://registry.npmjs.org/@types/prop-types/-/prop-types-15.7.15.tgz 0ms (cache hit)
2194 http cache tslib@https://registry.npmjs.org/tslib/-/tslib-2.8.1.tgz 0ms (cache hit)
2195 http cache react-aria@https://registry.npmjs.org/react-aria/-/react-aria-3.50.0.tgz 0ms (cache hit)
2196 http cache @swc/helpers@https://registry.npmjs.org/@swc/helpers/-/helpers-0.5.23.tgz 0ms (cache hit)
2197 http cache @react-types/shared@https://registry.npmjs.org/@react-types/shared/-/shared-3.36.0.tgz 0ms (cache hit)
2198 http cache tabbable@https://registry.npmjs.org/tabbable/-/tabbable-6.5.0.tgz 0ms (cache hit)
2199 http cache @babel/core@https://registry.npmjs.org/@babel/core/-/core-7.29.7.tgz 0ms (cache hit)
2200 http cache @floating-ui/utils@https://registry.npmjs.org/@floating-ui/utils/-/utils-0.2.11.tgz 0ms (cache hit)
2201 http cache @floating-ui/dom@https://registry.npmjs.org/@floating-ui/dom/-/dom-1.7.6.tgz 0ms (cache hit)
2202 http cache @floating-ui/core@https://registry.npmjs.org/@floating-ui/core/-/core-1.7.5.tgz 0ms (cache hit)
2203 http cache @floating-ui/react-dom@https://registry.npmjs.org/@floating-ui/react-dom/-/react-dom-2.1.8.tgz 0ms (cache hit)
2204 http cache use-sync-external-store@https://registry.npmjs.org/use-sync-external-store/-/use-sync-external-store-1.6.0.tgz 0ms (cache hit)
2205 http cache typescript@https://registry.npmjs.org/typescript/-/typescript-5.9.3.tgz 0ms (cache hit)
2206 http cache @floating-ui/react@https://registry.npmjs.org/@floating-ui/react/-/react-0.26.28.tgz 0ms (cache hit)
2207 http cache @react-aria/focus@https://registry.npmjs.org/@react-aria/focus/-/focus-3.22.1.tgz 0ms (cache hit)
2208 http cache @react-aria/interactions@https://registry.npmjs.org/@react-aria/interactions/-/interactions-3.28.1.tgz 0ms (cache hit)
2209 http cache react-router-dom@https://registry.npmjs.org/react-router-dom/-/react-router-dom-6.30.4.tgz 0ms (cache hit)
2210 http cache recharts@https://registry.npmjs.org/recharts/-/recharts-2.15.4.tgz 0ms (cache hit)
2211 http cache tailwindcss@https://registry.npmjs.org/tailwindcss/-/tailwindcss-3.4.19.tgz 0ms (cache hit)
2212 http cache lucide-react@https://registry.npmjs.org/lucide-react/-/lucide-react-0.395.0.tgz 0ms (cache hit)
2213 http cache react-hook-form@https://registry.npmjs.org/react-hook-form/-/react-hook-form-7.80.0.tgz 0ms (cache hit)
2214 http cache framer-motion@https://registry.npmjs.org/framer-motion/-/framer-motion-11.18.2.tgz 0ms (cache hit)
2215 http cache autoprefixer@https://registry.npmjs.org/autoprefixer/-/autoprefixer-10.5.2.tgz 0ms (cache hit)
2216 http cache react-hot-toast@https://registry.npmjs.org/react-hot-toast/-/react-hot-toast-2.6.0.tgz 0ms (cache hit)
2217 http cache postcss@https://registry.npmjs.org/postcss/-/postcss-8.5.16.tgz 0ms (cache hit)
2218 http cache firebase@https://registry.npmjs.org/firebase/-/firebase-10.14.1.tgz 0ms (cache hit)
2219 http cache @vitejs/plugin-react@https://registry.npmjs.org/@vitejs/plugin-react/-/plugin-react-4.7.0.tgz 0ms (cache hit)
2220 http cache @tanstack/react-virtual@https://registry.npmjs.org/@tanstack/react-virtual/-/react-virtual-3.14.5.tgz 0ms (cache hit)
2221 http cache @types/react@https://registry.npmjs.org/@types/react/-/react-18.3.31.tgz 0ms (cache hit)
2222 http cache react-dom@https://registry.npmjs.org/react-dom/-/react-dom-18.3.1.tgz 0ms (cache hit)
2223 http cache react@https://registry.npmjs.org/react/-/react-18.3.1.tgz 0ms (cache hit)
2224 http cache @headlessui/react@https://registry.npmjs.org/@headlessui/react/-/react-2.2.10.tgz 0ms (cache hit)
2225 http cache @types/react-dom@https://registry.npmjs.org/@types/react-dom/-/react-dom-18.3.7.tgz 0ms (cache hit)
2226 http cache glob-parent@https://registry.npmjs.org/glob-parent/-/glob-parent-5.1.2.tgz 0ms (cache hit)
2227 http cache glob-parent@https://registry.npmjs.org/glob-parent/-/glob-parent-5.1.2.tgz 0ms (cache hit)
2228 http cache fdir@https://registry.npmjs.org/fdir/-/fdir-6.5.0.tgz 0ms (cache hit)
2229 http cache picomatch@https://registry.npmjs.org/picomatch/-/picomatch-4.0.5.tgz 0ms (cache hit)
2230 http cache vite@https://registry.npmjs.org/vite/-/vite-5.4.21.tgz 0ms (cache hit)
2231 http cache react-is@https://registry.npmjs.org/react-is/-/react-is-16.13.1.tgz 0ms (cache hit)
2232 silly tarball no local data for color-convert@https://registry.npmjs.org/color-convert/-/color-convert-2.0.1.tgz. Extracting by manifest.
2233 silly tarball no local data for ansi-styles@https://registry.npmjs.org/ansi-styles/-/ansi-styles-4.3.0.tgz. Extracting by manifest.
2234 http cache @firebase/auth@https://registry.npmjs.org/@firebase/auth/-/auth-1.7.9.tgz 0ms (cache hit)
2235 silly tarball no local data for ansi-regex@https://registry.npmjs.org/ansi-regex/-/ansi-regex-5.0.1.tgz. Extracting by manifest.
2236 silly tarball no local data for color-name@https://registry.npmjs.org/color-name/-/color-name-1.1.4.tgz. Extracting by manifest.
2237 http cache @firebase/auth@https://registry.npmjs.org/@firebase/auth/-/auth-1.7.9.tgz 0ms (cache hit)
2238 silly tarball no local data for wrap-ansi@https://registry.npmjs.org/wrap-ansi/-/wrap-ansi-7.0.0.tgz. Extracting by manifest.
2239 silly tarball no local data for yargs-parser@https://registry.npmjs.org/yargs-parser/-/yargs-parser-21.1.1.tgz. Extracting by manifest.
2240 silly tarball no local data for strip-ansi@https://registry.npmjs.org/strip-ansi/-/strip-ansi-6.0.1.tgz. Extracting by manifest.
2241 silly tarball no local data for emoji-regex@https://registry.npmjs.org/emoji-regex/-/emoji-regex-8.0.0.tgz. Extracting by manifest.
2242 silly tarball no local data for y18n@https://registry.npmjs.org/y18n/-/y18n-5.0.8.tgz. Extracting by manifest.
2243 silly tarball no local data for is-fullwidth-code-point@https://registry.npmjs.org/is-fullwidth-code-point/-/is-fullwidth-code-point-3.0.0.tgz. Extracting by manifest.
2244 silly tarball no local data for string-width@https://registry.npmjs.org/string-width/-/string-width-4.2.3.tgz. Extracting by manifest.
2245 silly tarball no local data for cliui@https://registry.npmjs.org/cliui/-/cliui-8.0.1.tgz. Extracting by manifest.
2246 silly tarball no local data for get-caller-file@https://registry.npmjs.org/get-caller-file/-/get-caller-file-2.0.5.tgz. Extracting by manifest.
2247 silly tarball no local data for require-directory@https://registry.npmjs.org/require-directory/-/require-directory-2.1.1.tgz. Extracting by manifest.
2248 silly tarball no local data for http-parser-js@https://registry.npmjs.org/http-parser-js/-/http-parser-js-0.5.10.tgz. Extracting by manifest.
2249 silly tarball no local data for @rollup/rollup-darwin-arm64@https://registry.npmjs.org/@rollup/rollup-darwin-arm64/-/rollup-darwin-arm64-4.62.2.tgz. Extracting by manifest.
2250 silly tarball no local data for safe-buffer@https://registry.npmjs.org/safe-buffer/-/safe-buffer-5.2.1.tgz. Extracting by manifest.
2251 silly tarball no local data for @types/estree@https://registry.npmjs.org/@types/estree/-/estree-1.0.9.tgz. Extracting by manifest.
2252 silly tarball no local data for websocket-extensions@https://registry.npmjs.org/websocket-extensions/-/websocket-extensions-0.1.4.tgz. Extracting by manifest.
2253 silly tarball no local data for @esbuild/darwin-arm64@https://registry.npmjs.org/@esbuild/darwin-arm64/-/darwin-arm64-0.21.5.tgz. Extracting by manifest.
2254 silly tarball no local data for rollup@https://registry.npmjs.org/rollup/-/rollup-4.62.2.tgz. Extracting by manifest.
2255 silly tarball no local data for esbuild@https://registry.npmjs.org/esbuild/-/esbuild-0.21.5.tgz. Extracting by manifest.
2256 silly tarball no local data for d3-path@https://registry.npmjs.org/d3-path/-/d3-path-3.1.0.tgz. Extracting by manifest.
2257 silly tarball no local data for d3-time-format@https://registry.npmjs.org/d3-time-format/-/d3-time-format-4.1.0.tgz. Extracting by manifest.
2258 silly tarball no local data for d3-format@https://registry.npmjs.org/d3-format/-/d3-format-3.1.2.tgz. Extracting by manifest.
2259 silly tarball no local data for d3-color@https://registry.npmjs.org/d3-color/-/d3-color-3.1.0.tgz. Extracting by manifest.
2260 silly tarball no local data for @types/d3-path@https://registry.npmjs.org/@types/d3-path/-/d3-path-3.1.1.tgz. Extracting by manifest.
2261 silly tarball no local data for @types/d3-color@https://registry.npmjs.org/@types/d3-color/-/d3-color-3.1.3.tgz. Extracting by manifest.
2262 silly tarball no local data for internmap@https://registry.npmjs.org/internmap/-/internmap-2.0.3.tgz. Extracting by manifest.
2263 silly tarball no local data for d3-timer@https://registry.npmjs.org/d3-timer/-/d3-timer-3.0.1.tgz. Extracting by manifest.
2264 silly tarball no local data for d3-time@https://registry.npmjs.org/d3-time/-/d3-time-3.1.0.tgz. Extracting by manifest.
2265 silly tarball no local data for d3-shape@https://registry.npmjs.org/d3-shape/-/d3-shape-3.2.0.tgz. Extracting by manifest.
2266 silly tarball no local data for d3-scale@https://registry.npmjs.org/d3-scale/-/d3-scale-4.0.2.tgz. Extracting by manifest.
2267 silly tarball no local data for d3-interpolate@https://registry.npmjs.org/d3-interpolate/-/d3-interpolate-3.0.1.tgz. Extracting by manifest.
2268 silly tarball no local data for d3-ease@https://registry.npmjs.org/d3-ease/-/d3-ease-3.0.1.tgz. Extracting by manifest.
2269 silly tarball no local data for d3-array@https://registry.npmjs.org/d3-array/-/d3-array-3.2.4.tgz. Extracting by manifest.
2270 silly tarball no local data for @types/d3-timer@https://registry.npmjs.org/@types/d3-timer/-/d3-timer-3.0.2.tgz. Extracting by manifest.
2271 silly tarball no local data for @types/d3-time@https://registry.npmjs.org/@types/d3-time/-/d3-time-3.0.4.tgz. Extracting by manifest.
2272 silly tarball no local data for @types/d3-shape@https://registry.npmjs.org/@types/d3-shape/-/d3-shape-3.1.8.tgz. Extracting by manifest.
2273 silly tarball no local data for @types/d3-scale@https://registry.npmjs.org/@types/d3-scale/-/d3-scale-4.0.9.tgz. Extracting by manifest.
2274 silly tarball no local data for @types/d3-interpolate@https://registry.npmjs.org/@types/d3-interpolate/-/d3-interpolate-3.0.4.tgz. Extracting by manifest.
2275 silly tarball no local data for @types/d3-ease@https://registry.npmjs.org/@types/d3-ease/-/d3-ease-3.0.2.tgz. Extracting by manifest.
2276 silly tarball no local data for escalade@https://registry.npmjs.org/escalade/-/escalade-3.2.0.tgz. Extracting by manifest.
2277 silly tarball no local data for is-number@https://registry.npmjs.org/is-number/-/is-number-7.0.0.tgz. Extracting by manifest.
2278 silly tarball no local data for @types/d3-array@https://registry.npmjs.org/@types/d3-array/-/d3-array-3.2.2.tgz. Extracting by manifest.
2279 silly tarball no local data for thenify-all@https://registry.npmjs.org/thenify-all/-/thenify-all-1.6.0.tgz. Extracting by manifest.
2280 silly tarball no local data for any-promise@https://registry.npmjs.org/any-promise/-/any-promise-1.3.0.tgz. Extracting by manifest.
2281 silly tarball no local data for thenify@https://registry.npmjs.org/thenify/-/thenify-3.3.1.tgz. Extracting by manifest.
2282 silly tarball no local data for ts-interface-checker@https://registry.npmjs.org/ts-interface-checker/-/ts-interface-checker-0.1.13.tgz. Extracting by manifest.
2283 silly tarball no local data for tinyglobby@https://registry.npmjs.org/tinyglobby/-/tinyglobby-0.2.17.tgz. Extracting by manifest.
2284 silly tarball no local data for pirates@https://registry.npmjs.org/pirates/-/pirates-4.0.7.tgz. Extracting by manifest.
2285 silly tarball no local data for mz@https://registry.npmjs.org/mz/-/mz-2.7.0.tgz. Extracting by manifest.
2286 silly tarball no local data for commander@https://registry.npmjs.org/commander/-/commander-4.1.1.tgz. Extracting by manifest.
2287 silly tarball no local data for queue-microtask@https://registry.npmjs.org/queue-microtask/-/queue-microtask-1.2.3.tgz. Extracting by manifest.
2288 silly tarball no local data for hasown@https://registry.npmjs.org/hasown/-/hasown-2.0.4.tgz. Extracting by manifest.
2289 silly tarball no local data for lines-and-columns@https://registry.npmjs.org/lines-and-columns/-/lines-and-columns-1.2.4.tgz. Extracting by manifest.
2290 silly tarball no local data for function-bind@https://registry.npmjs.org/function-bind/-/function-bind-1.1.2.tgz. Extracting by manifest.
2291 silly tarball no local data for supports-preserve-symlinks-flag@https://registry.npmjs.org/supports-preserve-symlinks-flag/-/supports-preserve-symlinks-flag-1.0.0.tgz. Extracting by manifest.
2292 silly tarball no local data for es-errors@https://registry.npmjs.org/es-errors/-/es-errors-1.3.0.tgz. Extracting by manifest.
2293 silly tarball no local data for pify@https://registry.npmjs.org/pify/-/pify-2.3.0.tgz. Extracting by manifest.
2294 silly tarball no local data for util-deprecate@https://registry.npmjs.org/util-deprecate/-/util-deprecate-1.0.2.tgz. Extracting by manifest.
2295 silly tarball no local data for is-core-module@https://registry.npmjs.org/is-core-module/-/is-core-module-2.16.2.tgz. Extracting by manifest.
2296 silly tarball no local data for path-parse@https://registry.npmjs.org/path-parse/-/path-parse-1.0.7.tgz. Extracting by manifest.
2297 silly tarball no local data for cssesc@https://registry.npmjs.org/cssesc/-/cssesc-3.0.0.tgz. Extracting by manifest.
2298 silly tarball no local data for read-cache@https://registry.npmjs.org/read-cache/-/read-cache-1.0.0.tgz. Extracting by manifest.
2299 silly tarball no local data for binary-extensions@https://registry.npmjs.org/binary-extensions/-/binary-extensions-2.3.0.tgz. Extracting by manifest.
2300 silly tarball no local data for to-regex-range@https://registry.npmjs.org/to-regex-range/-/to-regex-range-5.0.1.tgz. Extracting by manifest.
2301 silly tarball no local data for camelcase-css@https://registry.npmjs.org/camelcase-css/-/camelcase-css-2.0.1.tgz. Extracting by manifest.
2302 silly tarball no local data for reusify@https://registry.npmjs.org/reusify/-/reusify-1.1.0.tgz. Extracting by manifest.
2303 silly tarball no local data for run-parallel@https://registry.npmjs.org/run-parallel/-/run-parallel-1.2.0.tgz. Extracting by manifest.
2304 silly tarball no local data for fastq@https://registry.npmjs.org/fastq/-/fastq-1.20.1.tgz. Extracting by manifest.
2305 silly tarball no local data for @nodelib/fs.scandir@https://registry.npmjs.org/@nodelib/fs.scandir/-/fs.scandir-2.1.5.tgz. Extracting by manifest.
2306 silly tarball no local data for merge2@https://registry.npmjs.org/merge2/-/merge2-1.4.1.tgz. Extracting by manifest.
2307 silly tarball no local data for @nodelib/fs.stat@https://registry.npmjs.org/@nodelib/fs.stat/-/fs.stat-2.0.5.tgz. Extracting by manifest.
2308 silly tarball no local data for fill-range@https://registry.npmjs.org/fill-range/-/fill-range-7.1.1.tgz. Extracting by manifest.
2309 silly tarball no local data for @nodelib/fs.walk@https://registry.npmjs.org/@nodelib/fs.walk/-/fs.walk-1.2.8.tgz. Extracting by manifest.
2310 silly tarball no local data for picomatch@https://registry.npmjs.org/picomatch/-/picomatch-2.3.2.tgz. Extracting by manifest.
2311 silly tarball no local data for readdirp@https://registry.npmjs.org/readdirp/-/readdirp-3.6.0.tgz. Extracting by manifest.
2312 silly tarball no local data for is-extglob@https://registry.npmjs.org/is-extglob/-/is-extglob-2.1.1.tgz. Extracting by manifest.
2313 silly tarball no local data for is-binary-path@https://registry.npmjs.org/is-binary-path/-/is-binary-path-2.1.0.tgz. Extracting by manifest.
2314 silly tarball no local data for fsevents@https://registry.npmjs.org/fsevents/-/fsevents-2.3.3.tgz. Extracting by manifest.
2315 silly tarball no local data for braces@https://registry.npmjs.org/braces/-/braces-3.0.3.tgz. Extracting by manifest.
2316 silly tarball no local data for anymatch@https://registry.npmjs.org/anymatch/-/anymatch-3.1.3.tgz. Extracting by manifest.
2317 silly tarball no local data for sucrase@https://registry.npmjs.org/sucrase/-/sucrase-3.35.1.tgz. Extracting by manifest.
2318 silly tarball no local data for resolve@https://registry.npmjs.org/resolve/-/resolve-1.22.12.tgz. Extracting by manifest.
2319 silly tarball no local data for postcss-selector-parser@https://registry.npmjs.org/postcss-selector-parser/-/postcss-selector-parser-6.1.4.tgz. Extracting by manifest.
2320 silly tarball no local data for postcss-js@https://registry.npmjs.org/postcss-js/-/postcss-js-4.1.0.tgz. Extracting by manifest.
2321 silly tarball no local data for postcss-load-config@https://registry.npmjs.org/postcss-load-config/-/postcss-load-config-6.0.1.tgz. Extracting by manifest.
2322 silly tarball no local data for postcss-nested@https://registry.npmjs.org/postcss-nested/-/postcss-nested-6.2.0.tgz. Extracting by manifest.
2323 silly tarball no local data for postcss-import@https://registry.npmjs.org/postcss-import/-/postcss-import-15.1.0.tgz. Extracting by manifest.
2324 silly tarball no local data for object-hash@https://registry.npmjs.org/object-hash/-/object-hash-3.0.0.tgz. Extracting by manifest.
2325 silly tarball no local data for normalize-path@https://registry.npmjs.org/normalize-path/-/normalize-path-3.0.0.tgz. Extracting by manifest.
2326 silly tarball no local data for micromatch@https://registry.npmjs.org/micromatch/-/micromatch-4.0.8.tgz. Extracting by manifest.
2327 silly tarball no local data for jiti@https://registry.npmjs.org/jiti/-/jiti-1.21.7.tgz. Extracting by manifest.
2328 silly tarball no local data for lilconfig@https://registry.npmjs.org/lilconfig/-/lilconfig-3.1.3.tgz. Extracting by manifest.
2329 silly tarball no local data for glob-parent@https://registry.npmjs.org/glob-parent/-/glob-parent-6.0.2.tgz. Extracting by manifest.
2330 silly tarball no local data for fast-glob@https://registry.npmjs.org/fast-glob/-/fast-glob-3.3.3.tgz. Extracting by manifest.
2331 silly tarball no local data for dlv@https://registry.npmjs.org/dlv/-/dlv-1.1.3.tgz. Extracting by manifest.
2332 silly tarball no local data for is-glob@https://registry.npmjs.org/is-glob/-/is-glob-4.0.3.tgz. Extracting by manifest.
2333 silly tarball no local data for arg@https://registry.npmjs.org/arg/-/arg-5.0.2.tgz. Extracting by manifest.
2334 silly tarball no local data for chokidar@https://registry.npmjs.org/chokidar/-/chokidar-3.6.0.tgz. Extracting by manifest.
2335 silly tarball no local data for @alloc/quick-lru@https://registry.npmjs.org/@alloc/quick-lru/-/quick-lru-5.2.0.tgz. Extracting by manifest.
2336 silly tarball no local data for decimal.js-light@https://registry.npmjs.org/decimal.js-light/-/decimal.js-light-2.5.1.tgz. Extracting by manifest.
2337 silly tarball no local data for dom-helpers@https://registry.npmjs.org/dom-helpers/-/dom-helpers-5.2.1.tgz. Extracting by manifest.
2338 silly tarball no local data for @babel/runtime@https://registry.npmjs.org/@babel/runtime/-/runtime-7.29.7.tgz. Extracting by manifest.
2339 silly tarball no local data for object-assign@https://registry.npmjs.org/object-assign/-/object-assign-4.1.1.tgz. Extracting by manifest.
2340 silly tarball no local data for react-transition-group@https://registry.npmjs.org/react-transition-group/-/react-transition-group-4.4.5.tgz. Extracting by manifest.
2341 silly tarball no local data for prop-types@https://registry.npmjs.org/prop-types/-/prop-types-15.8.1.tgz. Extracting by manifest.
2342 silly tarball no local data for victory-vendor@https://registry.npmjs.org/victory-vendor/-/victory-vendor-36.9.2.tgz. Extracting by manifest.
2343 silly tarball no local data for tiny-invariant@https://registry.npmjs.org/tiny-invariant/-/tiny-invariant-1.3.3.tgz. Extracting by manifest.
2344 silly tarball no local data for fast-equals@https://registry.npmjs.org/fast-equals/-/fast-equals-5.4.0.tgz. Extracting by manifest.
2345 silly tarball no local data for recharts-scale@https://registry.npmjs.org/recharts-scale/-/recharts-scale-0.4.5.tgz. Extracting by manifest.
2346 silly tarball no local data for react-smooth@https://registry.npmjs.org/react-smooth/-/react-smooth-4.0.4.tgz. Extracting by manifest.
2347 silly tarball no local data for lodash@https://registry.npmjs.org/lodash/-/lodash-4.18.1.tgz. Extracting by manifest.
2348 silly tarball no local data for eventemitter3@https://registry.npmjs.org/eventemitter3/-/eventemitter3-4.0.7.tgz. Extracting by manifest.
2349 silly tarball no local data for react-is@https://registry.npmjs.org/react-is/-/react-is-18.3.1.tgz. Extracting by manifest.
2350 silly tarball no local data for react-router@https://registry.npmjs.org/react-router/-/react-router-6.30.4.tgz. Extracting by manifest.
2351 silly tarball no local data for goober@https://registry.npmjs.org/goober/-/goober-2.1.19.tgz. Extracting by manifest.
2352 silly tarball no local data for scheduler@https://registry.npmjs.org/scheduler/-/scheduler-0.23.2.tgz. Extracting by manifest.
2353 silly tarball no local data for clsx@https://registry.npmjs.org/clsx/-/clsx-2.1.1.tgz. Extracting by manifest.
2354 silly tarball no local data for @remix-run/router@https://registry.npmjs.org/@remix-run/router/-/router-1.23.3.tgz. Extracting by manifest.
2355 silly tarball no local data for react-stately@https://registry.npmjs.org/react-stately/-/react-stately-3.48.0.tgz. Extracting by manifest.
2356 silly tarball no local data for didyoumean@https://registry.npmjs.org/didyoumean/-/didyoumean-1.2.2.tgz. Extracting by manifest.
2357 silly tarball no local data for @internationalized/string@https://registry.npmjs.org/@internationalized/string/-/string-3.2.9.tgz. Extracting by manifest.
2358 silly tarball no local data for @internationalized/number@https://registry.npmjs.org/@internationalized/number/-/number-3.6.7.tgz. Extracting by manifest.
2359 silly tarball no local data for loose-envify@https://registry.npmjs.org/loose-envify/-/loose-envify-1.4.0.tgz. Extracting by manifest.
2360 silly tarball no local data for @protobufjs/utf8@https://registry.npmjs.org/@protobufjs/utf8/-/utf8-1.1.1.tgz. Extracting by manifest.
2361 silly tarball no local data for @protobufjs/pool@https://registry.npmjs.org/@protobufjs/pool/-/pool-1.1.0.tgz. Extracting by manifest.
2362 silly tarball no local data for @internationalized/date@https://registry.npmjs.org/@internationalized/date/-/date-3.12.2.tgz. Extracting by manifest.
2363 silly tarball no local data for @protobufjs/float@https://registry.npmjs.org/@protobufjs/float/-/float-1.0.2.tgz. Extracting by manifest.
2364 silly tarball no local data for @protobufjs/fetch@https://registry.npmjs.org/@protobufjs/fetch/-/fetch-1.1.1.tgz. Extracting by manifest.
2365 silly tarball no local data for aria-hidden@https://registry.npmjs.org/aria-hidden/-/aria-hidden-1.2.6.tgz. Extracting by manifest.
2366 silly tarball no local data for @protobufjs/codegen@https://registry.npmjs.org/@protobufjs/codegen/-/codegen-2.0.5.tgz. Extracting by manifest.
2367 silly tarball no local data for @protobufjs/base64@https://registry.npmjs.org/@protobufjs/base64/-/base64-1.1.2.tgz. Extracting by manifest.
2368 silly tarball no local data for @protobufjs/eventemitter@https://registry.npmjs.org/@protobufjs/eventemitter/-/eventemitter-1.1.1.tgz. Extracting by manifest.
2369 silly tarball no local data for @protobufjs/aspromise@https://registry.npmjs.org/@protobufjs/aspromise/-/aspromise-1.1.2.tgz. Extracting by manifest.
2370 silly tarball no local data for yallist@https://registry.npmjs.org/yallist/-/yallist-3.1.1.tgz. Extracting by manifest.
2371 silly tarball no local data for motion-dom@https://registry.npmjs.org/motion-dom/-/motion-dom-11.18.1.tgz. Extracting by manifest.
2372 silly tarball no local data for nanoid@https://registry.npmjs.org/nanoid/-/nanoid-3.3.15.tgz. Extracting by manifest.
2373 silly tarball no local data for source-map-js@https://registry.npmjs.org/source-map-js/-/source-map-js-1.2.1.tgz. Extracting by manifest.
2374 silly tarball no local data for websocket-driver@https://registry.npmjs.org/websocket-driver/-/websocket-driver-0.7.5.tgz. Extracting by manifest.
2375 silly tarball no local data for undici-types@https://registry.npmjs.org/undici-types/-/undici-types-8.3.0.tgz. Extracting by manifest.
2376 silly tarball no local data for yargs@https://registry.npmjs.org/yargs/-/yargs-17.7.3.tgz. Extracting by manifest.
2377 silly tarball no local data for protobufjs@https://registry.npmjs.org/protobufjs/-/protobufjs-7.6.4.tgz. Extracting by manifest.
2378 silly tarball no local data for long@https://registry.npmjs.org/long/-/long-5.3.2.tgz. Extracting by manifest.
2379 silly tarball no local data for lodash.camelcase@https://registry.npmjs.org/lodash.camelcase/-/lodash.camelcase-4.3.0.tgz. Extracting by manifest.
2380 silly tarball no local data for @types/node@https://registry.npmjs.org/@types/node/-/node-26.1.0.tgz. Extracting by manifest.
2381 silly tarball no local data for @firebase/remote-config-types@https://registry.npmjs.org/@firebase/remote-config-types/-/remote-config-types-0.3.2.tgz. Extracting by manifest.
2382 silly tarball no local data for @firebase/performance-types@https://registry.npmjs.org/@firebase/performance-types/-/performance-types-0.2.2.tgz. Extracting by manifest.
2383 silly tarball no local data for @firebase/storage-types@https://registry.npmjs.org/@firebase/storage-types/-/storage-types-0.8.2.tgz. Extracting by manifest.
2384 silly tarball no local data for @firebase/functions-types@https://registry.npmjs.org/@firebase/functions-types/-/functions-types-0.6.2.tgz. Extracting by manifest.
2385 silly tarball no local data for @firebase/messaging-interop-types@https://registry.npmjs.org/@firebase/messaging-interop-types/-/messaging-interop-types-0.2.2.tgz. Extracting by manifest.
2386 silly tarball no local data for @firebase/firestore-types@https://registry.npmjs.org/@firebase/firestore-types/-/firestore-types-3.0.2.tgz. Extracting by manifest.
2387 silly tarball no local data for @protobufjs/path@https://registry.npmjs.org/@protobufjs/path/-/path-1.1.2.tgz. Extracting by manifest.
2388 silly tarball no local data for @grpc/proto-loader@https://registry.npmjs.org/@grpc/proto-loader/-/proto-loader-0.7.15.tgz. Extracting by manifest.
2389 silly tarball no local data for @grpc/grpc-js@https://registry.npmjs.org/@grpc/grpc-js/-/grpc-js-1.9.16.tgz. Extracting by manifest.
2390 silly tarball no local data for @firebase/webchannel-wrapper@https://registry.npmjs.org/@firebase/webchannel-wrapper/-/webchannel-wrapper-1.0.1.tgz. Extracting by manifest.
2391 silly tarball no local data for @firebase/database-types@https://registry.npmjs.org/@firebase/database-types/-/database-types-1.0.5.tgz. Extracting by manifest.
2392 silly tarball no local data for motion-utils@https://registry.npmjs.org/motion-utils/-/motion-utils-11.18.1.tgz. Extracting by manifest.
2393 silly tarball no local data for faye-websocket@https://registry.npmjs.org/faye-websocket/-/faye-websocket-0.11.4.tgz. Extracting by manifest.
2394 silly tarball no local data for @firebase/app-check-interop-types@https://registry.npmjs.org/@firebase/app-check-interop-types/-/app-check-interop-types-0.3.2.tgz. Extracting by manifest.
2395 silly tarball no local data for @firebase/auth-interop-types@https://registry.npmjs.org/@firebase/auth-interop-types/-/auth-interop-types-0.2.3.tgz. Extracting by manifest.
2396 silly tarball no local data for idb@https://registry.npmjs.org/idb/-/idb-7.1.1.tgz. Extracting by manifest.
2397 silly tarball no local data for @firebase/auth-types@https://registry.npmjs.org/@firebase/auth-types/-/auth-types-0.12.2.tgz. Extracting by manifest.
2398 silly tarball no local data for @firebase/installations-types@https://registry.npmjs.org/@firebase/installations-types/-/installations-types-0.5.2.tgz. Extracting by manifest.
2399 silly tarball no local data for @firebase/app-check-types@https://registry.npmjs.org/@firebase/app-check-types/-/app-check-types-0.5.2.tgz. Extracting by manifest.
2400 silly tarball no local data for undici@https://registry.npmjs.org/undici/-/undici-6.19.7.tgz. Extracting by manifest.
2401 silly tarball no local data for @firebase/analytics-types@https://registry.npmjs.org/@firebase/analytics-types/-/analytics-types-0.8.2.tgz. Extracting by manifest.
2402 silly tarball no local data for @firebase/component@https://registry.npmjs.org/@firebase/component/-/component-0.6.9.tgz. Extracting by manifest.
2403 silly tarball no local data for @firebase/logger@https://registry.npmjs.org/@firebase/logger/-/logger-0.4.2.tgz. Extracting by manifest.
2404 silly tarball no local data for @firebase/util@https://registry.npmjs.org/@firebase/util/-/util-1.10.0.tgz. Extracting by manifest.
2405 silly tarball no local data for @firebase/storage@https://registry.npmjs.org/@firebase/storage/-/storage-0.13.2.tgz. Extracting by manifest.
2406 silly tarball no local data for @firebase/remote-config@https://registry.npmjs.org/@firebase/remote-config/-/remote-config-0.4.9.tgz. Extracting by manifest.
2407 silly tarball no local data for @firebase/performance@https://registry.npmjs.org/@firebase/performance/-/performance-0.6.9.tgz. Extracting by manifest.
2408 silly tarball no local data for @firebase/performance-compat@https://registry.npmjs.org/@firebase/performance-compat/-/performance-compat-0.2.9.tgz. Extracting by manifest.
2409 silly tarball no local data for @firebase/storage-compat@https://registry.npmjs.org/@firebase/storage-compat/-/storage-compat-0.3.12.tgz. Extracting by manifest.
2410 silly tarball no local data for @firebase/messaging-compat@https://registry.npmjs.org/@firebase/messaging-compat/-/messaging-compat-0.2.12.tgz. Extracting by manifest.
2411 silly tarball no local data for @firebase/messaging@https://registry.npmjs.org/@firebase/messaging/-/messaging-0.12.12.tgz. Extracting by manifest.
2412 silly tarball no local data for @firebase/installations-compat@https://registry.npmjs.org/@firebase/installations-compat/-/installations-compat-0.2.9.tgz. Extracting by manifest.
2413 silly tarball no local data for @firebase/vertexai-preview@https://registry.npmjs.org/@firebase/vertexai-preview/-/vertexai-preview-0.0.4.tgz. Extracting by manifest.
2414 silly tarball no local data for @firebase/installations@https://registry.npmjs.org/@firebase/installations/-/installations-0.6.9.tgz. Extracting by manifest.
2415 silly tarball no local data for @firebase/functions-compat@https://registry.npmjs.org/@firebase/functions-compat/-/functions-compat-0.3.14.tgz. Extracting by manifest.
2416 silly tarball no local data for @firebase/firestore@https://registry.npmjs.org/@firebase/firestore/-/firestore-4.7.3.tgz. Extracting by manifest.
2417 silly tarball no local data for @firebase/database-compat@https://registry.npmjs.org/@firebase/database-compat/-/database-compat-1.0.8.tgz. Extracting by manifest.
2418 silly tarball no local data for @firebase/functions@https://registry.npmjs.org/@firebase/functions/-/functions-0.11.8.tgz. Extracting by manifest.
2419 silly tarball no local data for @firebase/database@https://registry.npmjs.org/@firebase/database/-/database-1.0.8.tgz. Extracting by manifest.
2420 silly tarball no local data for @firebase/data-connect@https://registry.npmjs.org/@firebase/data-connect/-/data-connect-0.1.0.tgz. Extracting by manifest.
2421 silly tarball no local data for @firebase/firestore-compat@https://registry.npmjs.org/@firebase/firestore-compat/-/firestore-compat-0.3.38.tgz. Extracting by manifest.
2422 silly tarball no local data for @firebase/auth-compat@https://registry.npmjs.org/@firebase/auth-compat/-/auth-compat-0.5.14.tgz. Extracting by manifest.
2423 silly tarball no local data for @firebase/app-types@https://registry.npmjs.org/@firebase/app-types/-/app-types-0.9.2.tgz. Extracting by manifest.
2424 silly tarball no local data for @firebase/app-check-compat@https://registry.npmjs.org/@firebase/app-check-compat/-/app-check-compat-0.3.15.tgz. Extracting by manifest.
2425 silly tarball no local data for @firebase/remote-config-compat@https://registry.npmjs.org/@firebase/remote-config-compat/-/remote-config-compat-0.2.9.tgz. Extracting by manifest.
2426 silly tarball no local data for @firebase/app-compat@https://registry.npmjs.org/@firebase/app-compat/-/app-compat-0.2.43.tgz. Extracting by manifest.
2427 silly tarball no local data for @firebase/analytics-compat@https://registry.npmjs.org/@firebase/analytics-compat/-/analytics-compat-0.2.14.tgz. Extracting by manifest.
2428 silly tarball no local data for @firebase/app@https://registry.npmjs.org/@firebase/app/-/app-0.10.13.tgz. Extracting by manifest.
2429 silly tarball no local data for @firebase/app-check@https://registry.npmjs.org/@firebase/app-check/-/app-check-0.8.8.tgz. Extracting by manifest.
2430 silly tarball no local data for ms@https://registry.npmjs.org/ms/-/ms-2.1.3.tgz. Extracting by manifest.
2431 silly tarball no local data for update-browserslist-db@https://registry.npmjs.org/update-browserslist-db/-/update-browserslist-db-1.2.3.tgz. Extracting by manifest.
2432 silly tarball no local data for @firebase/analytics@https://registry.npmjs.org/@firebase/analytics/-/analytics-0.10.8.tgz. Extracting by manifest.
2433 silly tarball no local data for node-releases@https://registry.npmjs.org/node-releases/-/node-releases-2.0.50.tgz. Extracting by manifest.
2434 silly tarball no local data for fraction.js@https://registry.npmjs.org/fraction.js/-/fraction.js-5.3.4.tgz. Extracting by manifest.
2435 silly tarball no local data for electron-to-chromium@https://registry.npmjs.org/electron-to-chromium/-/electron-to-chromium-1.5.384.tgz. Extracting by manifest.
2436 silly tarball no local data for caniuse-lite@https://registry.npmjs.org/caniuse-lite/-/caniuse-lite-1.0.30001800.tgz. Extracting by manifest.
2437 silly tarball no local data for @types/babel__template@https://registry.npmjs.org/@types/babel__template/-/babel__template-7.4.4.tgz. Extracting by manifest.
2438 silly tarball no local data for @types/babel__traverse@https://registry.npmjs.org/@types/babel__traverse/-/babel__traverse-7.28.0.tgz. Extracting by manifest.
2439 silly tarball no local data for @babel/helper-string-parser@https://registry.npmjs.org/@babel/helper-string-parser/-/helper-string-parser-7.29.7.tgz. Extracting by manifest.
2440 silly tarball no local data for postcss-value-parser@https://registry.npmjs.org/postcss-value-parser/-/postcss-value-parser-4.2.0.tgz. Extracting by manifest.
2441 silly tarball no local data for @types/babel__generator@https://registry.npmjs.org/@types/babel__generator/-/babel__generator-7.27.0.tgz. Extracting by manifest.
2442 silly tarball no local data for baseline-browser-mapping@https://registry.npmjs.org/baseline-browser-mapping/-/baseline-browser-mapping-2.10.41.tgz. Extracting by manifest.
2443 silly tarball no local data for @babel/helper-globals@https://registry.npmjs.org/@babel/helper-globals/-/helper-globals-7.29.7.tgz. Extracting by manifest.
2444 silly tarball no local data for @jridgewell/resolve-uri@https://registry.npmjs.org/@jridgewell/resolve-uri/-/resolve-uri-3.1.2.tgz. Extracting by manifest.
2445 silly tarball no local data for @babel/helper-plugin-utils@https://registry.npmjs.org/@babel/helper-plugin-utils/-/helper-plugin-utils-7.29.7.tgz. Extracting by manifest.
2446 silly tarball no local data for @babel/helper-module-imports@https://registry.npmjs.org/@babel/helper-module-imports/-/helper-module-imports-7.29.7.tgz. Extracting by manifest.
2447 silly tarball no local data for lru-cache@https://registry.npmjs.org/lru-cache/-/lru-cache-5.1.1.tgz. Extracting by manifest.
2448 silly tarball no local data for jsesc@https://registry.npmjs.org/jsesc/-/jsesc-3.1.0.tgz. Extracting by manifest.
2449 silly tarball no local data for @babel/compat-data@https://registry.npmjs.org/@babel/compat-data/-/compat-data-7.29.7.tgz. Extracting by manifest.
2450 silly tarball no local data for @babel/helper-validator-option@https://registry.npmjs.org/@babel/helper-validator-option/-/helper-validator-option-7.29.7.tgz. Extracting by manifest.
2451 silly tarball no local data for browserslist@https://registry.npmjs.org/browserslist/-/browserslist-4.28.4.tgz. Extracting by manifest.
2452 silly tarball no local data for @jridgewell/trace-mapping@https://registry.npmjs.org/@jridgewell/trace-mapping/-/trace-mapping-0.3.31.tgz. Extracting by manifest.
2453 silly tarball no local data for @jridgewell/gen-mapping@https://registry.npmjs.org/@jridgewell/gen-mapping/-/gen-mapping-0.3.13.tgz. Extracting by manifest.
2454 silly tarball no local data for picocolors@https://registry.npmjs.org/picocolors/-/picocolors-1.1.1.tgz. Extracting by manifest.
2455 silly tarball no local data for js-tokens@https://registry.npmjs.org/js-tokens/-/js-tokens-4.0.0.tgz. Extracting by manifest.
2456 silly tarball no local data for @jridgewell/sourcemap-codec@https://registry.npmjs.org/@jridgewell/sourcemap-codec/-/sourcemap-codec-1.5.5.tgz. Extracting by manifest.
2457 silly tarball no local data for semver@https://registry.npmjs.org/semver/-/semver-6.3.1.tgz. Extracting by manifest.
2458 silly tarball no local data for @babel/helper-validator-identifier@https://registry.npmjs.org/@babel/helper-validator-identifier/-/helper-validator-identifier-7.29.7.tgz. Extracting by manifest.
2459 silly tarball no local data for debug@https://registry.npmjs.org/debug/-/debug-4.4.3.tgz. Extracting by manifest.
2460 silly tarball no local data for @jridgewell/remapping@https://registry.npmjs.org/@jridgewell/remapping/-/remapping-2.3.5.tgz. Extracting by manifest.
2461 silly tarball no local data for convert-source-map@https://registry.npmjs.org/convert-source-map/-/convert-source-map-2.0.0.tgz. Extracting by manifest.
2462 silly tarball no local data for gensync@https://registry.npmjs.org/gensync/-/gensync-1.0.0-beta.2.tgz. Extracting by manifest.
2463 silly tarball no local data for @babel/types@https://registry.npmjs.org/@babel/types/-/types-7.29.7.tgz. Extracting by manifest.
2464 silly tarball no local data for @babel/template@https://registry.npmjs.org/@babel/template/-/template-7.29.7.tgz. Extracting by manifest.
2465 silly tarball no local data for json5@https://registry.npmjs.org/json5/-/json5-2.2.3.tgz. Extracting by manifest.
2466 silly tarball no local data for @babel/traverse@https://registry.npmjs.org/@babel/traverse/-/traverse-7.29.7.tgz. Extracting by manifest.
2467 silly tarball no local data for @babel/helpers@https://registry.npmjs.org/@babel/helpers/-/helpers-7.29.7.tgz. Extracting by manifest.
2468 silly tarball no local data for @babel/parser@https://registry.npmjs.org/@babel/parser/-/parser-7.29.7.tgz. Extracting by manifest.
2469 silly tarball no local data for @babel/helper-module-transforms@https://registry.npmjs.org/@babel/helper-module-transforms/-/helper-module-transforms-7.29.7.tgz. Extracting by manifest.
2470 silly tarball no local data for @babel/generator@https://registry.npmjs.org/@babel/generator/-/generator-7.29.7.tgz. Extracting by manifest.
2471 silly tarball no local data for react-refresh@https://registry.npmjs.org/react-refresh/-/react-refresh-0.17.0.tgz. Extracting by manifest.
2472 silly tarball no local data for @rolldown/pluginutils@https://registry.npmjs.org/@rolldown/pluginutils/-/pluginutils-1.0.0-beta.27.tgz. Extracting by manifest.
2473 silly tarball no local data for @babel/code-frame@https://registry.npmjs.org/@babel/code-frame/-/code-frame-7.29.7.tgz. Extracting by manifest.
2474 silly tarball no local data for @babel/plugin-transform-react-jsx-source@https://registry.npmjs.org/@babel/plugin-transform-react-jsx-source/-/plugin-transform-react-jsx-source-7.29.7.tgz. Extracting by manifest.
2475 silly tarball no local data for @babel/helper-compilation-targets@https://registry.npmjs.org/@babel/helper-compilation-targets/-/helper-compilation-targets-7.29.7.tgz. Extracting by manifest.
2476 silly tarball no local data for @babel/plugin-transform-react-jsx-self@https://registry.npmjs.org/@babel/plugin-transform-react-jsx-self/-/plugin-transform-react-jsx-self-7.29.7.tgz. Extracting by manifest.
2477 silly tarball no local data for @types/babel__core@https://registry.npmjs.org/@types/babel__core/-/babel__core-7.20.5.tgz. Extracting by manifest.
2478 silly tarball no local data for csstype@https://registry.npmjs.org/csstype/-/csstype-3.2.3.tgz. Extracting by manifest.
2479 silly tarball no local data for @tanstack/virtual-core@https://registry.npmjs.org/@tanstack/virtual-core/-/virtual-core-3.17.3.tgz. Extracting by manifest.
2480 silly tarball no local data for @types/prop-types@https://registry.npmjs.org/@types/prop-types/-/prop-types-15.7.15.tgz. Extracting by manifest.
2481 silly tarball no local data for tslib@https://registry.npmjs.org/tslib/-/tslib-2.8.1.tgz. Extracting by manifest.
2482 silly tarball no local data for react-aria@https://registry.npmjs.org/react-aria/-/react-aria-3.50.0.tgz. Extracting by manifest.
2483 silly tarball no local data for @swc/helpers@https://registry.npmjs.org/@swc/helpers/-/helpers-0.5.23.tgz. Extracting by manifest.
2484 silly tarball no local data for @react-types/shared@https://registry.npmjs.org/@react-types/shared/-/shared-3.36.0.tgz. Extracting by manifest.
2485 silly tarball no local data for tabbable@https://registry.npmjs.org/tabbable/-/tabbable-6.5.0.tgz. Extracting by manifest.
2486 silly tarball no local data for @babel/core@https://registry.npmjs.org/@babel/core/-/core-7.29.7.tgz. Extracting by manifest.
2487 silly tarball no local data for @floating-ui/utils@https://registry.npmjs.org/@floating-ui/utils/-/utils-0.2.11.tgz. Extracting by manifest.
2488 silly tarball no local data for @floating-ui/dom@https://registry.npmjs.org/@floating-ui/dom/-/dom-1.7.6.tgz. Extracting by manifest.
2489 silly tarball no local data for @floating-ui/core@https://registry.npmjs.org/@floating-ui/core/-/core-1.7.5.tgz. Extracting by manifest.
2490 silly tarball no local data for @floating-ui/react-dom@https://registry.npmjs.org/@floating-ui/react-dom/-/react-dom-2.1.8.tgz. Extracting by manifest.
2491 silly tarball no local data for use-sync-external-store@https://registry.npmjs.org/use-sync-external-store/-/use-sync-external-store-1.6.0.tgz. Extracting by manifest.
2492 silly tarball no local data for typescript@https://registry.npmjs.org/typescript/-/typescript-5.9.3.tgz. Extracting by manifest.
2493 silly tarball no local data for @floating-ui/react@https://registry.npmjs.org/@floating-ui/react/-/react-0.26.28.tgz. Extracting by manifest.
2494 silly tarball no local data for @react-aria/focus@https://registry.npmjs.org/@react-aria/focus/-/focus-3.22.1.tgz. Extracting by manifest.
2495 silly tarball no local data for @react-aria/interactions@https://registry.npmjs.org/@react-aria/interactions/-/interactions-3.28.1.tgz. Extracting by manifest.
2496 silly tarball no local data for react-router-dom@https://registry.npmjs.org/react-router-dom/-/react-router-dom-6.30.4.tgz. Extracting by manifest.
2497 silly tarball no local data for recharts@https://registry.npmjs.org/recharts/-/recharts-2.15.4.tgz. Extracting by manifest.
2498 silly tarball no local data for tailwindcss@https://registry.npmjs.org/tailwindcss/-/tailwindcss-3.4.19.tgz. Extracting by manifest.
2499 silly tarball no local data for lucide-react@https://registry.npmjs.org/lucide-react/-/lucide-react-0.395.0.tgz. Extracting by manifest.
2500 silly tarball no local data for react-hook-form@https://registry.npmjs.org/react-hook-form/-/react-hook-form-7.80.0.tgz. Extracting by manifest.
2501 silly tarball no local data for framer-motion@https://registry.npmjs.org/framer-motion/-/framer-motion-11.18.2.tgz. Extracting by manifest.
2502 silly tarball no local data for autoprefixer@https://registry.npmjs.org/autoprefixer/-/autoprefixer-10.5.2.tgz. Extracting by manifest.
2503 silly tarball no local data for react-hot-toast@https://registry.npmjs.org/react-hot-toast/-/react-hot-toast-2.6.0.tgz. Extracting by manifest.
2504 silly tarball no local data for postcss@https://registry.npmjs.org/postcss/-/postcss-8.5.16.tgz. Extracting by manifest.
2505 silly tarball no local data for firebase@https://registry.npmjs.org/firebase/-/firebase-10.14.1.tgz. Extracting by manifest.
2506 silly tarball no local data for @vitejs/plugin-react@https://registry.npmjs.org/@vitejs/plugin-react/-/plugin-react-4.7.0.tgz. Extracting by manifest.
2507 silly tarball no local data for @tanstack/react-virtual@https://registry.npmjs.org/@tanstack/react-virtual/-/react-virtual-3.14.5.tgz. Extracting by manifest.
2508 silly tarball no local data for @types/react@https://registry.npmjs.org/@types/react/-/react-18.3.31.tgz. Extracting by manifest.
2509 silly tarball no local data for react-dom@https://registry.npmjs.org/react-dom/-/react-dom-18.3.1.tgz. Extracting by manifest.
2510 silly tarball no local data for react@https://registry.npmjs.org/react/-/react-18.3.1.tgz. Extracting by manifest.
2511 silly tarball no local data for @headlessui/react@https://registry.npmjs.org/@headlessui/react/-/react-2.2.10.tgz. Extracting by manifest.
2512 silly tarball no local data for @types/react-dom@https://registry.npmjs.org/@types/react-dom/-/react-dom-18.3.7.tgz. Extracting by manifest.
2513 silly tarball no local data for glob-parent@https://registry.npmjs.org/glob-parent/-/glob-parent-5.1.2.tgz. Extracting by manifest.
2514 silly tarball no local data for glob-parent@https://registry.npmjs.org/glob-parent/-/glob-parent-5.1.2.tgz. Extracting by manifest.
2515 silly tarball no local data for fdir@https://registry.npmjs.org/fdir/-/fdir-6.5.0.tgz. Extracting by manifest.
2516 silly tarball no local data for picomatch@https://registry.npmjs.org/picomatch/-/picomatch-4.0.5.tgz. Extracting by manifest.
2517 silly tarball no local data for vite@https://registry.npmjs.org/vite/-/vite-5.4.21.tgz. Extracting by manifest.
2518 silly tarball no local data for react-is@https://registry.npmjs.org/react-is/-/react-is-16.13.1.tgz. Extracting by manifest.
2519 silly tarball no local data for @firebase/auth@https://registry.npmjs.org/@firebase/auth/-/auth-1.7.9.tgz. Extracting by manifest.
2520 silly tarball no local data for @firebase/auth@https://registry.npmjs.org/@firebase/auth/-/auth-1.7.9.tgz. Extracting by manifest.
2521 http fetch GET 200 https://registry.npmjs.org/color-convert/-/color-convert-2.0.1.tgz 86ms (cache miss)
2522 http fetch GET 200 https://registry.npmjs.org/ansi-regex/-/ansi-regex-5.0.1.tgz 85ms (cache miss)
2523 http fetch GET 200 https://registry.npmjs.org/wrap-ansi/-/wrap-ansi-7.0.0.tgz 85ms (cache miss)
2524 http fetch GET 200 https://registry.npmjs.org/ansi-styles/-/ansi-styles-4.3.0.tgz 85ms (cache miss)
2525 http fetch GET 200 https://registry.npmjs.org/color-name/-/color-name-1.1.4.tgz 85ms (cache miss)
2526 http fetch GET 200 https://registry.npmjs.org/yargs-parser/-/yargs-parser-21.1.1.tgz 86ms (cache miss)
2527 http fetch GET 200 https://registry.npmjs.org/safe-buffer/-/safe-buffer-5.2.1.tgz 110ms (cache miss)
2528 http fetch GET 200 https://registry.npmjs.org/@types/estree/-/estree-1.0.9.tgz 111ms (cache miss)
2529 http fetch GET 200 https://registry.npmjs.org/http-parser-js/-/http-parser-js-0.5.10.tgz 115ms (cache miss)
2530 http fetch GET 200 https://registry.npmjs.org/websocket-extensions/-/websocket-extensions-0.1.4.tgz 120ms (cache miss)
2531 http fetch GET 200 https://registry.npmjs.org/strip-ansi/-/strip-ansi-6.0.1.tgz 135ms (cache miss)
2532 http fetch GET 200 https://registry.npmjs.org/y18n/-/y18n-5.0.8.tgz 144ms (cache miss)
2533 http fetch GET 200 https://registry.npmjs.org/cliui/-/cliui-8.0.1.tgz 144ms (cache miss)
2534 http fetch GET 200 https://registry.npmjs.org/is-fullwidth-code-point/-/is-fullwidth-code-point-3.0.0.tgz 145ms (cache miss)
2535 http fetch GET 200 https://registry.npmjs.org/emoji-regex/-/emoji-regex-8.0.0.tgz 146ms (cache miss)
2536 http fetch GET 200 https://registry.npmjs.org/require-directory/-/require-directory-2.1.1.tgz 150ms (cache miss)
2537 http fetch GET 200 https://registry.npmjs.org/get-caller-file/-/get-caller-file-2.0.5.tgz 150ms (cache miss)
2538 http fetch GET 200 https://registry.npmjs.org/string-width/-/string-width-4.2.3.tgz 150ms (cache miss)
2539 http fetch GET 200 https://registry.npmjs.org/d3-path/-/d3-path-3.1.0.tgz 156ms (cache miss)
2540 http fetch GET 200 https://registry.npmjs.org/esbuild/-/esbuild-0.21.5.tgz 159ms (cache miss)
2541 http fetch GET 200 https://registry.npmjs.org/internmap/-/internmap-2.0.3.tgz 173ms (cache miss)
2542 http fetch GET 200 https://registry.npmjs.org/d3-color/-/d3-color-3.1.0.tgz 174ms (cache miss)
2543 http fetch GET 200 https://registry.npmjs.org/d3-time-format/-/d3-time-format-4.1.0.tgz 177ms (cache miss)
2544 http fetch GET 200 https://registry.npmjs.org/@types/d3-color/-/d3-color-3.1.3.tgz 178ms (cache miss)
2545 http fetch GET 200 https://registry.npmjs.org/d3-format/-/d3-format-3.1.2.tgz 180ms (cache miss)
2546 http fetch GET 200 https://registry.npmjs.org/d3-timer/-/d3-timer-3.0.1.tgz 183ms (cache miss)
2547 http fetch GET 200 https://registry.npmjs.org/d3-time/-/d3-time-3.1.0.tgz 188ms (cache miss)
2548 http fetch GET 200 https://registry.npmjs.org/d3-shape/-/d3-shape-3.2.0.tgz 197ms (cache miss)
2549 http fetch GET 200 https://registry.npmjs.org/d3-array/-/d3-array-3.2.4.tgz 206ms (cache miss)
2550 http fetch GET 200 https://registry.npmjs.org/d3-ease/-/d3-ease-3.0.1.tgz 217ms (cache miss)
2551 http fetch GET 200 https://registry.npmjs.org/d3-interpolate/-/d3-interpolate-3.0.1.tgz 221ms (cache miss)
2552 http fetch GET 200 https://registry.npmjs.org/d3-scale/-/d3-scale-4.0.2.tgz 227ms (cache miss)
2553 http fetch GET 200 https://registry.npmjs.org/@types/d3-ease/-/d3-ease-3.0.2.tgz 227ms (cache miss)
2554 http fetch POST 200 https://registry.npmjs.org/-/npm/v1/security/advisories/bulk 269ms
2555 silly audit report {
2555 silly audit report   vite: [
2555 silly audit report     {
2555 silly audit report       id: 1120784,
2555 silly audit report       url: 'https://github.com/advisories/GHSA-v6wh-96g9-6wx3',
2555 silly audit report       title: 'launch-editor: NTLMv2 hash disclosure via UNC path handling on Windows',
2555 silly audit report       severity: 'moderate',
2555 silly audit report       vulnerable_versions: '<=6.4.2',
2555 silly audit report       cwe: [Array],
2555 silly audit report       cvss: [Object]
2555 silly audit report     },
2555 silly audit report     {
2555 silly audit report       id: 1120789,
2555 silly audit report       url: 'https://github.com/advisories/GHSA-fx2h-pf6j-xcff',
2555 silly audit report       title: 'vite: `server.fs.deny` bypass on Windows alternate paths',
2555 silly audit report       severity: 'high',
2555 silly audit report       vulnerable_versions: '<=6.4.2',
2555 silly audit report       cwe: [Array],
2555 silly audit report       cvss: [Object]
2555 silly audit report     },
2555 silly audit report     {
2555 silly audit report       id: 1116229,
2555 silly audit report       url: 'https://github.com/advisories/GHSA-4w7w-66w2-5vf9',
2555 silly audit report       title: 'Vite Vulnerable to Path Traversal in Optimized Deps `.map` Handling',
2555 silly audit report       severity: 'moderate',
2555 silly audit report       vulnerable_versions: '<=6.4.1',
2555 silly audit report       cwe: [Array],
2555 silly audit report       cvss: [Object]
2555 silly audit report     }
2555 silly audit report   ],
2555 silly audit report   undici: [
2555 silly audit report     {
2555 silly audit report       id: 1101609,
2555 silly audit report       url: 'https://github.com/advisories/GHSA-c76h-2ccp-4975',
2555 silly audit report       title: 'Use of Insufficiently Random Values in undici',
2555 silly audit report       severity: 'moderate',
2555 silly audit report       vulnerable_versions: '>=6.0.0 <6.21.1',
2555 silly audit report       cwe: [Array],
2555 silly audit report       cvss: [Object]
2555 silly audit report     },
2555 silly audit report     {
2555 silly audit report       id: 1112496,
2555 silly audit report       url: 'https://github.com/advisories/GHSA-g9mf-h72j-4rw9',
2555 silly audit report       title: 'Undici has an unbounded decompression chain in HTTP responses on Node.js Fetch API via Content-Encoding leads to resource exhaustion',
2555 silly audit report       severity: 'moderate',
2555 silly audit report       vulnerable_versions: '<6.23.0',
2555 silly audit report       cwe: [Array],
2555 silly audit report       cvss: [Object]
2555 silly audit report     },
2555 silly audit report     {
2555 silly audit report       id: 1113068,
2555 silly audit report       url: 'https://github.com/advisories/GHSA-cxrh-j4jr-qwg3',
2555 silly audit report       title: 'undici Denial of Service attack via bad certificate data',
2555 silly audit report       severity: 'low',
2555 silly audit report       vulnerable_versions: '>=6.0.0 <6.21.2',
2555 silly audit report       cwe: [Array],
2555 silly audit report       cvss: [Object]
2555 silly audit report     },
2555 silly audit report     {
2555 silly audit report       id: 1114592,
2555 silly audit report       url: 'https://github.com/advisories/GHSA-f269-vfmq-vjvj',
2555 silly audit report       title: 'Undici: Malicious WebSocket 64-bit length overflows parser and crashes the client',
2555 silly audit report       severity: 'high',
2555 silly audit report       vulnerable_versions: '>=6.0.0 <6.24.0',
2555 silly audit report       cwe: [Array],
2555 silly audit report       cvss: [Object]
2555 silly audit report     },
2555 silly audit report     {
2555 silly audit report       id: 1114594,
2555 silly audit report       url: 'https://github.com/advisories/GHSA-2mjp-6q6p-2qxm',
2555 silly audit report       title: 'Undici has an HTTP Request/Response Smuggling issue',
2555 silly audit report       severity: 'moderate',
2555 silly audit report       vulnerable_versions: '<6.24.0',
2555 silly audit report       cwe: [Array],
2555 silly audit report       cvss: [Object]
2555 silly audit report     },
2555 silly audit report     {
2555 silly audit report       id: 1114638,
2555 silly audit report       url: 'https://github.com/advisories/GHSA-vrm6-8vpv-qv8q',
2555 silly audit report       title: 'Undici has Unbounded Memory Consumption in WebSocket permessage-deflate Decompression',
2555 silly audit report       severity: 'high',
2555 silly audit report       vulnerable_versions: '<6.24.0',
2555 silly audit report       cwe: [Array],
2555 silly audit report       cvss: [Object]
2555 silly audit report     },
2555 silly audit report     {
2555 silly audit report       id: 1114640,
2555 silly audit report       url: 'https://github.com/advisories/GHSA-v9p9-hfj2-hcw8',
2555 silly audit report       title: 'Undici has Unhandled Exception in WebSocket Client Due to Invalid server_max_window_bits Validation',
2555 silly audit report       severity: 'high',
2555 silly audit report       vulnerable_versions: '<6.24.0',
2555 silly audit report       cwe: [Array],
2555 silly audit report       cvss: [Object]
2555 silly audit report     },
2555 silly audit report     {
2555 silly audit report       id: 1114642,
2555 silly audit report       url: 'https://github.com/advisories/GHSA-4992-7rv2-5pvq',
2555 silly audit report       title: 'Undici has CRLF Injection in undici via `upgrade` option',
2555 silly audit report       severity: 'moderate',
2555 silly audit report       vulnerable_versions: '<6.24.0',
2555 silly audit report       cwe: [Array],
2555 silly audit report       cvss: [Object]
2555 silly audit report     },
2555 silly audit report     {
2555 silly audit report       id: 1121242,
2555 silly audit report       url: 'https://github.com/advisories/GHSA-p88m-4jfj-68fv',
2555 silly audit report       title: 'undici vulnerable to HTTP header injection via Set-Cookie percent-decoding',
2555 silly audit report       severity: 'moderate',
2555 silly audit report       vulnerable_versions: '<6.27.0',
2555 silly audit report       cwe: [Array],
2555 silly audit report       cvss: [Object]
2555 silly audit report     },
2555 silly audit report     {
2555 silly audit report       id: 1121245,
2555 silly audit report       url: 'https://github.com/advisories/GHSA-vxpw-j846-p89q',
2555 silly audit report       title: 'undici WebSocket client vulnerable to denial of service via fragment count bypass',
2555 silly audit report       severity: 'high',
2555 silly audit report       vulnerable_versions: '<6.27.0',
2555 silly audit report       cwe: [Array],
2555 silly audit report       cvss: [Object]
2555 silly audit report     },
2555 silly audit report     {
2555 silly audit report       id: 1121250,
2555 silly audit report       url: 'https://github.com/advisories/GHSA-35p6-xmwp-9g52',
2555 silly audit report       title: 'undici vulnerable to HTTP response queue poisoning via keep-alive socket reuse',
2555 silly audit report       severity: 'low',
2555 silly audit report       vulnerable_versions: '<6.27.0',
2555 silly audit report       cwe: [Array],
2555 silly audit report       cvss: [Object]
2555 silly audit report     },
2555 silly audit report     {
2555 silly audit report       id: 1121255,
2555 silly audit report       url: 'https://github.com/advisories/GHSA-g8m3-5g58-fq7m',
2555 silly audit report       title: 'undici vulnerable to Set-Cookie SameSite attribute downgrade via permissive substring matching',
2555 silly audit report       severity: 'low',
2555 silly audit report       vulnerable_versions: '<6.27.0',
2555 silly audit report       cwe: [Array],
2555 silly audit report       cvss: [Object]
2555 silly audit report     }
2555 silly audit report   ],
2555 silly audit report   esbuild: [
2555 silly audit report     {
2555 silly audit report       id: 1102341,
2555 silly audit report       url: 'https://github.com/advisories/GHSA-67mh-4wv8-2f99',
2555 silly audit report       title: 'esbuild enables any website to send any requests to the development server and read the response',
2555 silly audit report       severity: 'moderate',
2555 silly audit report       vulnerable_versions: '<=0.24.2',
2555 silly audit report       cwe: [Array],
2555 silly audit report       cvss: [Object]
2555 silly audit report     }
2555 silly audit report   ]
2555 silly audit report }
2556 silly packumentCache corgi:https://registry.npmjs.org/vite cache-miss
2557 silly packumentCache corgi:https://registry.npmjs.org/undici cache-miss
2558 silly packumentCache corgi:https://registry.npmjs.org/esbuild cache-miss
2559 http fetch GET 200 https://registry.npmjs.org/escalade/-/escalade-3.2.0.tgz 236ms (cache miss)
2560 http fetch GET 200 https://registry.npmjs.org/is-number/-/is-number-7.0.0.tgz 240ms (cache miss)
2561 http fetch GET 200 https://registry.npmjs.org/thenify-all/-/thenify-all-1.6.0.tgz 253ms (cache miss)
2562 http fetch GET 200 https://registry.npmjs.org/thenify/-/thenify-3.3.1.tgz 254ms (cache miss)
2563 http fetch GET 200 https://registry.npmjs.org/any-promise/-/any-promise-1.3.0.tgz 255ms (cache miss)
2564 http fetch GET 200 https://registry.npmjs.org/ts-interface-checker/-/ts-interface-checker-0.1.13.tgz 260ms (cache miss)
2565 http fetch GET 200 https://registry.npmjs.org/tinyglobby/-/tinyglobby-0.2.17.tgz 268ms (cache miss)
2566 http fetch GET 200 https://registry.npmjs.org/pirates/-/pirates-4.0.7.tgz 279ms (cache miss)
2567 http fetch GET 200 https://registry.npmjs.org/lines-and-columns/-/lines-and-columns-1.2.4.tgz 305ms (cache miss)
2568 http fetch GET 200 https://registry.npmjs.org/commander/-/commander-4.1.1.tgz 310ms (cache miss)
2569 http fetch GET 200 https://registry.npmjs.org/hasown/-/hasown-2.0.4.tgz 317ms (cache miss)
2570 http fetch GET 200 https://registry.npmjs.org/mz/-/mz-2.7.0.tgz 333ms (cache miss)
2571 http fetch GET 200 https://registry.npmjs.org/function-bind/-/function-bind-1.1.2.tgz 337ms (cache miss)
2572 http fetch GET 200 https://registry.npmjs.org/supports-preserve-symlinks-flag/-/supports-preserve-symlinks-flag-1.0.0.tgz 338ms (cache miss)
2573 http fetch GET 200 https://registry.npmjs.org/queue-microtask/-/queue-microtask-1.2.3.tgz 372ms (cache miss)
2574 http fetch GET 200 https://registry.npmjs.org/util-deprecate/-/util-deprecate-1.0.2.tgz 382ms (cache miss)
2575 http fetch GET 200 https://registry.npmjs.org/is-core-module/-/is-core-module-2.16.2.tgz 393ms (cache miss)
2576 http fetch GET 200 https://registry.npmjs.org/@types/d3-path/-/d3-path-3.1.1.tgz 402ms (cache miss)
2577 http fetch GET 200 https://registry.npmjs.org/path-parse/-/path-parse-1.0.7.tgz 403ms (cache miss)
2578 http fetch GET 200 https://registry.npmjs.org/@types/d3-interpolate/-/d3-interpolate-3.0.4.tgz 428ms (cache miss)
2579 http fetch GET 200 https://registry.npmjs.org/read-cache/-/read-cache-1.0.0.tgz 426ms (cache miss)
2580 http fetch GET 200 https://registry.npmjs.org/binary-extensions/-/binary-extensions-2.3.0.tgz 426ms (cache miss)
2581 http fetch GET 200 https://registry.npmjs.org/camelcase-css/-/camelcase-css-2.0.1.tgz 451ms (cache miss)
2582 http fetch GET 200 https://registry.npmjs.org/reusify/-/reusify-1.1.0.tgz 457ms (cache miss)
2583 http fetch GET 200 https://registry.npmjs.org/run-parallel/-/run-parallel-1.2.0.tgz 481ms (cache miss)
2584 http fetch GET 200 https://registry.npmjs.org/cssesc/-/cssesc-3.0.0.tgz 492ms (cache miss)
2585 http fetch GET 200 https://registry.npmjs.org/merge2/-/merge2-1.4.1.tgz 505ms (cache miss)
2586 http fetch GET 200 https://registry.npmjs.org/@types/d3-array/-/d3-array-3.2.2.tgz 513ms (cache miss)
2587 http fetch GET 200 https://registry.npmjs.org/fastq/-/fastq-1.20.1.tgz 534ms (cache miss)
2588 http fetch GET 200 https://registry.npmjs.org/@nodelib/fs.scandir/-/fs.scandir-2.1.5.tgz 542ms (cache miss)
2589 http fetch GET 200 https://registry.npmjs.org/@types/d3-scale/-/d3-scale-4.0.9.tgz 553ms (cache miss)
2590 http fetch GET 200 https://registry.npmjs.org/@nodelib/fs.stat/-/fs.stat-2.0.5.tgz 556ms (cache miss)
2591 http fetch GET 200 https://registry.npmjs.org/@nodelib/fs.walk/-/fs.walk-1.2.8.tgz 568ms (cache miss)
2592 http fetch GET 200 https://registry.npmjs.org/is-binary-path/-/is-binary-path-2.1.0.tgz 586ms (cache miss)
2593 http fetch GET 200 https://registry.npmjs.org/es-errors/-/es-errors-1.3.0.tgz 589ms (cache miss)
2594 http fetch GET 200 https://registry.npmjs.org/rollup/-/rollup-4.62.2.tgz 628ms (cache miss)
2595 http fetch GET 200 https://registry.npmjs.org/@types/d3-timer/-/d3-timer-3.0.2.tgz 670ms (cache miss)
2596 http fetch GET 200 https://registry.npmjs.org/@types/d3-time/-/d3-time-3.0.4.tgz 712ms (cache miss)
2597 http fetch GET 200 https://registry.npmjs.org/pify/-/pify-2.3.0.tgz 820ms (cache miss)
2598 http fetch GET 200 https://registry.npmjs.org/postcss-js/-/postcss-js-4.1.0.tgz 822ms (cache miss)
2599 http fetch GET 200 https://registry.npmjs.org/sucrase/-/sucrase-3.35.1.tgz 832ms (cache miss)
2600 http fetch GET 200 https://registry.npmjs.org/postcss-selector-parser/-/postcss-selector-parser-6.1.4.tgz 834ms (cache miss)
2601 http fetch GET 200 https://registry.npmjs.org/postcss-load-config/-/postcss-load-config-6.0.1.tgz 842ms (cache miss)
2602 http fetch GET 200 https://registry.npmjs.org/postcss-nested/-/postcss-nested-6.2.0.tgz 847ms (cache miss)
2603 http fetch GET 200 https://registry.npmjs.org/@rollup/rollup-darwin-arm64/-/rollup-darwin-arm64-4.62.2.tgz 861ms (cache miss)
2604 http fetch GET 200 https://registry.npmjs.org/object-hash/-/object-hash-3.0.0.tgz 874ms (cache miss)
2605 http fetch GET 200 https://registry.npmjs.org/normalize-path/-/normalize-path-3.0.0.tgz 873ms (cache miss)
2606 http fetch GET 200 https://registry.npmjs.org/postcss-import/-/postcss-import-15.1.0.tgz 875ms (cache miss)
2607 http fetch GET 200 https://registry.npmjs.org/micromatch/-/micromatch-4.0.8.tgz 889ms (cache miss)
2608 http fetch GET 200 https://registry.npmjs.org/readdirp/-/readdirp-3.6.0.tgz 892ms (cache miss)
2609 http fetch GET 200 https://registry.npmjs.org/picomatch/-/picomatch-2.3.2.tgz 897ms (cache miss)
2610 http fetch GET 200 https://registry.npmjs.org/dlv/-/dlv-1.1.3.tgz 920ms (cache miss)
2611 http fetch GET 200 https://registry.npmjs.org/to-regex-range/-/to-regex-range-5.0.1.tgz 931ms (cache miss)
2612 http fetch GET 200 https://registry.npmjs.org/glob-parent/-/glob-parent-6.0.2.tgz 937ms (cache miss)
2613 http fetch GET 200 https://registry.npmjs.org/lilconfig/-/lilconfig-3.1.3.tgz 938ms (cache miss)
2614 http fetch GET 200 https://registry.npmjs.org/anymatch/-/anymatch-3.1.3.tgz 945ms (cache miss)
2615 http fetch GET 200 https://registry.npmjs.org/arg/-/arg-5.0.2.tgz 969ms (cache miss)
2616 http fetch GET 200 https://registry.npmjs.org/fsevents/-/fsevents-2.3.3.tgz 983ms (cache miss)
2617 http fetch GET 200 https://registry.npmjs.org/object-assign/-/object-assign-4.1.1.tgz 1037ms (cache miss)
2618 http fetch GET 200 https://registry.npmjs.org/jiti/-/jiti-1.21.7.tgz 1134ms (cache miss)
2619 http fetch GET 200 https://registry.npmjs.org/prop-types/-/prop-types-15.8.1.tgz 1165ms (cache miss)
2620 http fetch GET 200 https://registry.npmjs.org/@types/d3-shape/-/d3-shape-3.1.8.tgz 1188ms (cache miss)
2621 http fetch GET 200 https://registry.npmjs.org/is-glob/-/is-glob-4.0.3.tgz 1183ms (cache miss)
2622 http fetch GET 200 https://registry.npmjs.org/fast-glob/-/fast-glob-3.3.3.tgz 1186ms (cache miss)
2623 http fetch GET 200 https://registry.npmjs.org/tiny-invariant/-/tiny-invariant-1.3.3.tgz 1212ms (cache miss)
2624 http fetch GET 200 https://registry.npmjs.org/@alloc/quick-lru/-/quick-lru-5.2.0.tgz 1213ms (cache miss)
2625 http fetch GET 200 https://registry.npmjs.org/victory-vendor/-/victory-vendor-36.9.2.tgz 1294ms (cache miss)
2626 http fetch GET 200 https://registry.npmjs.org/fast-equals/-/fast-equals-5.4.0.tgz 1315ms (cache miss)
2627 http fetch GET 200 https://registry.npmjs.org/react-smooth/-/react-smooth-4.0.4.tgz 1358ms (cache miss)
2628 http fetch GET 200 https://registry.npmjs.org/is-extglob/-/is-extglob-2.1.1.tgz 1366ms (cache miss)
2629 http fetch GET 200 https://registry.npmjs.org/react-is/-/react-is-18.3.1.tgz 1372ms (cache miss)
2630 http fetch GET 200 https://registry.npmjs.org/braces/-/braces-3.0.3.tgz 1401ms (cache miss)
2631 http fetch GET 200 https://registry.npmjs.org/clsx/-/clsx-2.1.1.tgz 1424ms (cache miss)
2632 http fetch GET 200 https://registry.npmjs.org/goober/-/goober-2.1.19.tgz 1449ms (cache miss)
2633 http fetch GET 200 https://registry.npmjs.org/scheduler/-/scheduler-0.23.2.tgz 1453ms (cache miss)
2634 http fetch GET 200 https://registry.npmjs.org/chokidar/-/chokidar-3.6.0.tgz 1489ms (cache miss)
2635 http fetch GET 200 https://registry.npmjs.org/dom-helpers/-/dom-helpers-5.2.1.tgz 1492ms (cache miss)
2636 http fetch GET 200 https://registry.npmjs.org/react-transition-group/-/react-transition-group-4.4.5.tgz 1506ms (cache miss)
2637 http fetch GET 200 https://registry.npmjs.org/loose-envify/-/loose-envify-1.4.0.tgz 1528ms (cache miss)
2638 http fetch GET 200 https://registry.npmjs.org/decimal.js-light/-/decimal.js-light-2.5.1.tgz 1547ms (cache miss)
2639 http fetch GET 200 https://registry.npmjs.org/@protobufjs/utf8/-/utf8-1.1.1.tgz 1599ms (cache miss)
2640 http fetch GET 200 https://registry.npmjs.org/@babel/runtime/-/runtime-7.29.7.tgz 1626ms (cache miss)
2641 http fetch GET 200 https://registry.npmjs.org/lodash/-/lodash-4.18.1.tgz 1663ms (cache miss)
2642 http fetch GET 200 https://registry.npmjs.org/recharts-scale/-/recharts-scale-0.4.5.tgz 1671ms (cache miss)
2643 http fetch GET 200 https://registry.npmjs.org/react-router/-/react-router-6.30.4.tgz 1672ms (cache miss)
2644 http fetch GET 200 https://registry.npmjs.org/@protobufjs/float/-/float-1.0.2.tgz 1690ms (cache miss)
2645 http fetch GET 200 https://registry.npmjs.org/aria-hidden/-/aria-hidden-1.2.6.tgz 1704ms (cache miss)
2646 http fetch GET 200 https://registry.npmjs.org/didyoumean/-/didyoumean-1.2.2.tgz 1712ms (cache miss)
2647 http fetch GET 200 https://registry.npmjs.org/@protobufjs/base64/-/base64-1.1.2.tgz 1726ms (cache miss)
2648 http fetch GET 200 https://registry.npmjs.org/@protobufjs/eventemitter/-/eventemitter-1.1.1.tgz 1742ms (cache miss)
2649 http fetch GET 200 https://registry.npmjs.org/@protobufjs/aspromise/-/aspromise-1.1.2.tgz 1748ms (cache miss)
2650 http fetch GET 200 https://registry.npmjs.org/yallist/-/yallist-3.1.1.tgz 1750ms (cache miss)
2651 http fetch GET 200 https://registry.npmjs.org/resolve/-/resolve-1.22.12.tgz 1761ms (cache miss)
2652 http fetch GET 200 https://registry.npmjs.org/nanoid/-/nanoid-3.3.15.tgz 1790ms (cache miss)
2653 http fetch GET 200 https://registry.npmjs.org/eventemitter3/-/eventemitter3-4.0.7.tgz 1796ms (cache miss)
2654 http fetch GET 200 https://registry.npmjs.org/websocket-driver/-/websocket-driver-0.7.5.tgz 1841ms (cache miss)
2655 http fetch GET 200 https://registry.npmjs.org/motion-dom/-/motion-dom-11.18.1.tgz 1860ms (cache miss)
2656 http fetch GET 200 https://registry.npmjs.org/yargs/-/yargs-17.7.3.tgz 1893ms (cache miss)
2657 http fetch GET 200 https://registry.npmjs.org/@protobufjs/fetch/-/fetch-1.1.1.tgz 1906ms (cache miss)
2658 http fetch GET 200 https://registry.npmjs.org/lodash.camelcase/-/lodash.camelcase-4.3.0.tgz 1922ms (cache miss)
2659 http fetch GET 200 https://registry.npmjs.org/@protobufjs/codegen/-/codegen-2.0.5.tgz 1972ms (cache miss)
2660 http fetch GET 200 https://registry.npmjs.org/long/-/long-5.3.2.tgz 1993ms (cache miss)
2661 http fetch GET 200 https://registry.npmjs.org/@internationalized/number/-/number-3.6.7.tgz 2040ms (cache miss)
2662 http fetch GET 200 https://registry.npmjs.org/source-map-js/-/source-map-js-1.2.1.tgz 2117ms (cache miss)
2663 http fetch GET 200 https://registry.npmjs.org/undici-types/-/undici-types-8.3.0.tgz 2167ms (cache miss)
2664 http fetch GET 200 https://registry.npmjs.org/@firebase/storage-types/-/storage-types-0.8.2.tgz 2238ms (cache miss)
2665 http fetch GET 200 https://registry.npmjs.org/@firebase/performance-types/-/performance-types-0.2.2.tgz 2251ms (cache miss)
2666 http fetch GET 200 https://registry.npmjs.org/@firebase/remote-config-types/-/remote-config-types-0.3.2.tgz 2252ms (cache miss)
2667 http fetch GET 200 https://registry.npmjs.org/@protobufjs/path/-/path-1.1.2.tgz 2332ms (cache miss)
2668 http fetch GET 200 https://registry.npmjs.org/@grpc/proto-loader/-/proto-loader-0.7.15.tgz 2354ms (cache miss)
2669 http fetch GET 200 https://registry.npmjs.org/@firebase/functions-types/-/functions-types-0.6.2.tgz 2366ms (cache miss)
2670 http fetch GET 200 https://registry.npmjs.org/@firebase/messaging-interop-types/-/messaging-interop-types-0.2.2.tgz 2388ms (cache miss)
2671 http fetch GET 200 https://registry.npmjs.org/motion-utils/-/motion-utils-11.18.1.tgz 2388ms (cache miss)
2672 http fetch GET 200 https://registry.npmjs.org/faye-websocket/-/faye-websocket-0.11.4.tgz 2421ms (cache miss)
2673 http fetch GET 200 https://registry.npmjs.org/react-stately/-/react-stately-3.48.0.tgz 2430ms (cache miss)
2674 http fetch GET 200 https://registry.npmjs.org/@firebase/firestore-types/-/firestore-types-3.0.2.tgz 2487ms (cache miss)
2675 http fetch GET 200 https://registry.npmjs.org/@protobufjs/pool/-/pool-1.1.0.tgz 2491ms (cache miss)
2676 http fetch GET 200 https://registry.npmjs.org/idb/-/idb-7.1.1.tgz 2488ms (cache miss)
2677 http fetch GET 200 https://registry.npmjs.org/@firebase/webchannel-wrapper/-/webchannel-wrapper-1.0.1.tgz 2547ms (cache miss)
2678 http fetch GET 200 https://registry.npmjs.org/@internationalized/string/-/string-3.2.9.tgz 2573ms (cache miss)
2679 http fetch GET 200 https://registry.npmjs.org/@internationalized/date/-/date-3.12.2.tgz 2614ms (cache miss)
2680 http fetch GET 200 https://registry.npmjs.org/@firebase/auth-interop-types/-/auth-interop-types-0.2.3.tgz 2634ms (cache miss)
2681 http fetch GET 200 https://registry.npmjs.org/@firebase/database-types/-/database-types-1.0.5.tgz 2652ms (cache miss)
2682 http fetch GET 200 https://registry.npmjs.org/@firebase/auth-types/-/auth-types-0.12.2.tgz 2669ms (cache miss)
2683 http fetch GET 200 https://registry.npmjs.org/@firebase/app-check-interop-types/-/app-check-interop-types-0.3.2.tgz 2676ms (cache miss)
2684 http fetch GET 200 https://registry.npmjs.org/@firebase/app-check-types/-/app-check-types-0.5.2.tgz 2769ms (cache miss)
2685 http fetch GET 200 https://registry.npmjs.org/@grpc/grpc-js/-/grpc-js-1.9.16.tgz 2806ms (cache miss)
2686 http fetch GET 200 https://registry.npmjs.org/@firebase/analytics-types/-/analytics-types-0.8.2.tgz 2814ms (cache miss)
2687 http fetch GET 200 https://registry.npmjs.org/@firebase/logger/-/logger-0.4.2.tgz 2947ms (cache miss)
2688 http fetch GET 200 https://registry.npmjs.org/@firebase/remote-config/-/remote-config-0.4.9.tgz 3049ms (cache miss)
2689 http fetch GET 200 https://registry.npmjs.org/@esbuild/darwin-arm64/-/darwin-arm64-0.21.5.tgz 3071ms (cache miss)
2690 http fetch GET 200 https://registry.npmjs.org/undici/-/undici-6.19.7.tgz 3123ms (cache miss)
2691 http fetch GET 200 https://registry.npmjs.org/@firebase/storage-compat/-/storage-compat-0.3.12.tgz 3157ms (cache miss)
2692 http fetch GET 200 https://registry.npmjs.org/@firebase/component/-/component-0.6.9.tgz 3160ms (cache miss)
2693 http fetch GET 200 https://registry.npmjs.org/@firebase/messaging-compat/-/messaging-compat-0.2.12.tgz 3180ms (cache miss)
2694 http fetch GET 200 https://registry.npmjs.org/@firebase/performance-compat/-/performance-compat-0.2.9.tgz 3233ms (cache miss)
2695 http fetch GET 200 https://registry.npmjs.org/@types/node/-/node-26.1.0.tgz 3239ms (cache miss)
2696 http fetch GET 200 https://registry.npmjs.org/@firebase/util/-/util-1.10.0.tgz 3265ms (cache miss)
2697 http fetch GET 200 https://registry.npmjs.org/@firebase/installations-compat/-/installations-compat-0.2.9.tgz 3292ms (cache miss)
2698 http fetch GET 200 https://registry.npmjs.org/@firebase/storage/-/storage-0.13.2.tgz 3328ms (cache miss)
2699 http fetch GET 200 https://registry.npmjs.org/@firebase/performance/-/performance-0.6.9.tgz 3346ms (cache miss)
2700 http fetch GET 200 https://registry.npmjs.org/@firebase/functions-compat/-/functions-compat-0.3.14.tgz 3436ms (cache miss)
2701 http fetch GET 200 https://registry.npmjs.org/@firebase/installations-types/-/installations-types-0.5.2.tgz 3448ms (cache miss)
2702 http fetch GET 200 https://registry.npmjs.org/@firebase/database-compat/-/database-compat-1.0.8.tgz 3485ms (cache miss)
2703 http fetch GET 200 https://registry.npmjs.org/@firebase/messaging/-/messaging-0.12.12.tgz 3610ms (cache miss)
2704 http fetch GET 200 https://registry.npmjs.org/@firebase/data-connect/-/data-connect-0.1.0.tgz 3649ms (cache miss)
2705 http fetch GET 200 https://registry.npmjs.org/@firebase/app-compat/-/app-compat-0.2.43.tgz 3650ms (cache miss)
2706 http fetch GET 200 https://registry.npmjs.org/@firebase/installations/-/installations-0.6.9.tgz 3834ms (cache miss)
2707 http fetch GET 200 https://registry.npmjs.org/@firebase/functions/-/functions-0.11.8.tgz 3983ms (cache miss)
2708 http fetch GET 200 https://registry.npmjs.org/@firebase/firestore-compat/-/firestore-compat-0.3.38.tgz 3987ms (cache miss)
2709 http fetch GET 200 https://registry.npmjs.org/@firebase/app-check-compat/-/app-check-compat-0.3.15.tgz 4007ms (cache miss)
2710 http fetch GET 200 https://registry.npmjs.org/ms/-/ms-2.1.3.tgz 4038ms (cache miss)
2711 http fetch GET 200 https://registry.npmjs.org/@firebase/analytics-compat/-/analytics-compat-0.2.14.tgz 4039ms (cache miss)
2712 http fetch GET 200 https://registry.npmjs.org/update-browserslist-db/-/update-browserslist-db-1.2.3.tgz 4066ms (cache miss)
2713 http fetch GET 200 https://registry.npmjs.org/fill-range/-/fill-range-7.1.1.tgz 4082ms (cache miss)
2714 http fetch GET 200 https://registry.npmjs.org/node-releases/-/node-releases-2.0.50.tgz 4077ms (cache miss)
2715 http fetch GET 200 https://registry.npmjs.org/protobufjs/-/protobufjs-7.6.4.tgz 4114ms (cache miss)
2716 http fetch GET 200 https://registry.npmjs.org/electron-to-chromium/-/electron-to-chromium-1.5.384.tgz 4114ms (cache miss)
2717 http fetch GET 200 https://registry.npmjs.org/@babel/helper-string-parser/-/helper-string-parser-7.29.7.tgz 4165ms (cache miss)
2718 http fetch GET 200 https://registry.npmjs.org/postcss-value-parser/-/postcss-value-parser-4.2.0.tgz 4218ms (cache miss)
2719 http fetch GET 200 https://registry.npmjs.org/@firebase/app-check/-/app-check-0.8.8.tgz 4228ms (cache miss)
2720 http fetch GET 200 https://registry.npmjs.org/@firebase/auth-compat/-/auth-compat-0.5.14.tgz 4247ms (cache miss)
2721 http fetch GET 200 https://registry.npmjs.org/@babel/helper-globals/-/helper-globals-7.29.7.tgz 4265ms (cache miss)
2722 http fetch GET 200 https://registry.npmjs.org/@jridgewell/resolve-uri/-/resolve-uri-3.1.2.tgz 4307ms (cache miss)
2723 http fetch GET 200 https://registry.npmjs.org/@firebase/vertexai-preview/-/vertexai-preview-0.0.4.tgz 4313ms (cache miss)
2724 http fetch GET 200 https://registry.npmjs.org/@babel/helper-plugin-utils/-/helper-plugin-utils-7.29.7.tgz 4335ms (cache miss)
2725 http fetch GET 200 https://registry.npmjs.org/@types/babel__template/-/babel__template-7.4.4.tgz 4341ms (cache miss)
2726 http fetch GET 200 https://registry.npmjs.org/baseline-browser-mapping/-/baseline-browser-mapping-2.10.41.tgz 4342ms (cache miss)
2727 http fetch GET 200 https://registry.npmjs.org/@babel/helper-module-imports/-/helper-module-imports-7.29.7.tgz 4351ms (cache miss)
2728 http fetch GET 200 https://registry.npmjs.org/lru-cache/-/lru-cache-5.1.1.tgz 4369ms (cache miss)
2729 http fetch GET 200 https://registry.npmjs.org/jsesc/-/jsesc-3.1.0.tgz 4370ms (cache miss)
2730 http fetch GET 200 https://registry.npmjs.org/@babel/compat-data/-/compat-data-7.29.7.tgz 4376ms (cache miss)
2731 http fetch GET 200 https://registry.npmjs.org/@babel/helper-validator-option/-/helper-validator-option-7.29.7.tgz 4380ms (cache miss)
2732 http fetch GET 200 https://registry.npmjs.org/@firebase/app-types/-/app-types-0.9.2.tgz 4385ms (cache miss)
2733 http fetch GET 200 https://registry.npmjs.org/picocolors/-/picocolors-1.1.1.tgz 4405ms (cache miss)
2734 http fetch GET 200 https://registry.npmjs.org/fraction.js/-/fraction.js-5.3.4.tgz 4422ms (cache miss)
2735 http fetch GET 200 https://registry.npmjs.org/@firebase/app/-/app-0.10.13.tgz 4427ms (cache miss)
2736 http fetch GET 200 https://registry.npmjs.org/@types/babel__traverse/-/babel__traverse-7.28.0.tgz 4453ms (cache miss)
2737 http fetch GET 200 https://registry.npmjs.org/@jridgewell/gen-mapping/-/gen-mapping-0.3.13.tgz 4462ms (cache miss)
2738 http fetch GET 200 https://registry.npmjs.org/debug/-/debug-4.4.3.tgz 4512ms (cache miss)
2739 http fetch GET 200 https://registry.npmjs.org/semver/-/semver-6.3.1.tgz 4514ms (cache miss)
2740 http fetch GET 200 https://registry.npmjs.org/@types/babel__generator/-/babel__generator-7.27.0.tgz 4533ms (cache miss)
2741 http fetch GET 200 https://registry.npmjs.org/browserslist/-/browserslist-4.28.4.tgz 4697ms (cache miss)
2742 http fetch GET 200 https://registry.npmjs.org/@jridgewell/trace-mapping/-/trace-mapping-0.3.31.tgz 4699ms (cache miss)
2743 http fetch GET 200 https://registry.npmjs.org/js-tokens/-/js-tokens-4.0.0.tgz 4710ms (cache miss)
2744 http fetch GET 200 https://registry.npmjs.org/@jridgewell/sourcemap-codec/-/sourcemap-codec-1.5.5.tgz 4711ms (cache miss)
2745 http fetch GET 200 https://registry.npmjs.org/@firebase/analytics/-/analytics-0.10.8.tgz 4720ms (cache miss)
2746 http fetch GET 200 https://registry.npmjs.org/@jridgewell/remapping/-/remapping-2.3.5.tgz 4784ms (cache miss)
2747 http fetch GET 200 https://registry.npmjs.org/gensync/-/gensync-1.0.0-beta.2.tgz 4797ms (cache miss)
2748 http fetch GET 200 https://registry.npmjs.org/@remix-run/router/-/router-1.23.3.tgz 4958ms (cache miss)
2749 http fetch GET 200 https://registry.npmjs.org/@babel/template/-/template-7.29.7.tgz 4972ms (cache miss)
2750 http fetch GET 200 https://registry.npmjs.org/react-refresh/-/react-refresh-0.17.0.tgz 4997ms (cache miss)
2751 http fetch GET 200 https://registry.npmjs.org/@babel/code-frame/-/code-frame-7.29.7.tgz 5045ms (cache miss)
2752 http fetch GET 200 https://registry.npmjs.org/@babel/helpers/-/helpers-7.29.7.tgz 5049ms (cache miss)
2753 http fetch GET 200 https://registry.npmjs.org/@babel/types/-/types-7.29.7.tgz 5049ms (cache miss)
2754 http fetch GET 200 https://registry.npmjs.org/@babel/plugin-transform-react-jsx-source/-/plugin-transform-react-jsx-source-7.29.7.tgz 5071ms (cache miss)
2755 http fetch GET 200 https://registry.npmjs.org/@babel/plugin-transform-react-jsx-self/-/plugin-transform-react-jsx-self-7.29.7.tgz 5073ms (cache miss)
2756 http fetch GET 200 https://registry.npmjs.org/@babel/helper-compilation-targets/-/helper-compilation-targets-7.29.7.tgz 5075ms (cache miss)
2757 http fetch GET 200 https://registry.npmjs.org/@babel/generator/-/generator-7.29.7.tgz 5078ms (cache miss)
2758 http fetch GET 200 https://registry.npmjs.org/@types/babel__core/-/babel__core-7.20.5.tgz 5110ms (cache miss)
2759 http fetch GET 200 https://registry.npmjs.org/json5/-/json5-2.2.3.tgz 5119ms (cache miss)
2760 http fetch GET 200 https://registry.npmjs.org/@babel/helper-validator-identifier/-/helper-validator-identifier-7.29.7.tgz 5173ms (cache miss)
2761 http fetch GET 200 https://registry.npmjs.org/tslib/-/tslib-2.8.1.tgz 5182ms (cache miss)
2762 http fetch GET 200 https://registry.npmjs.org/@babel/traverse/-/traverse-7.29.7.tgz 5184ms (cache miss)
2763 http fetch GET 200 https://registry.npmjs.org/caniuse-lite/-/caniuse-lite-1.0.30001800.tgz 5210ms (cache miss)
2764 http fetch GET 200 https://registry.npmjs.org/csstype/-/csstype-3.2.3.tgz 5255ms (cache miss)
2765 http fetch GET 200 https://registry.npmjs.org/convert-source-map/-/convert-source-map-2.0.0.tgz 5273ms (cache miss)
2766 http fetch GET 200 https://registry.npmjs.org/@types/prop-types/-/prop-types-15.7.15.tgz 5353ms (cache miss)
2767 http fetch GET 200 https://registry.npmjs.org/tabbable/-/tabbable-6.5.0.tgz 5514ms (cache miss)
2768 http fetch GET 200 https://registry.npmjs.org/@floating-ui/react-dom/-/react-dom-2.1.8.tgz 5633ms (cache miss)
2769 http fetch GET 200 https://registry.npmjs.org/@babel/helper-module-transforms/-/helper-module-transforms-7.29.7.tgz 5644ms (cache miss)
2770 http fetch GET 200 https://registry.npmjs.org/use-sync-external-store/-/use-sync-external-store-1.6.0.tgz 5679ms (cache miss)
2771 http fetch GET 200 https://registry.npmjs.org/@floating-ui/dom/-/dom-1.7.6.tgz 5701ms (cache miss)
2772 http fetch GET 200 https://registry.npmjs.org/@rolldown/pluginutils/-/pluginutils-1.0.0-beta.27.tgz 5714ms (cache miss)
2773 http fetch GET 200 https://registry.npmjs.org/@floating-ui/core/-/core-1.7.5.tgz 5726ms (cache miss)
2774 http fetch GET 200 https://registry.npmjs.org/@tanstack/virtual-core/-/virtual-core-3.17.3.tgz 5737ms (cache miss)
2775 http fetch GET 200 https://registry.npmjs.org/@babel/core/-/core-7.29.7.tgz 5753ms (cache miss)
2776 http fetch GET 200 https://registry.npmjs.org/@react-types/shared/-/shared-3.36.0.tgz 5795ms (cache miss)
2777 http fetch GET 200 https://registry.npmjs.org/@react-aria/focus/-/focus-3.22.1.tgz 6017ms (cache miss)
2778 http fetch GET 200 https://registry.npmjs.org/@react-aria/interactions/-/interactions-3.28.1.tgz 6206ms (cache miss)
2779 http fetch GET 200 https://registry.npmjs.org/react-router-dom/-/react-router-dom-6.30.4.tgz 6328ms (cache miss)
2780 http fetch GET 200 https://registry.npmjs.org/autoprefixer/-/autoprefixer-10.5.2.tgz 6565ms (cache miss)
2781 http fetch GET 200 https://registry.npmjs.org/react-hot-toast/-/react-hot-toast-2.6.0.tgz 6830ms (cache miss)
2782 http fetch GET 200 https://registry.npmjs.org/@babel/parser/-/parser-7.29.7.tgz 6877ms (cache miss)
2783 http fetch GET 200 https://registry.npmjs.org/postcss/-/postcss-8.5.16.tgz 6947ms (cache miss)
2784 http fetch GET 200 https://registry.npmjs.org/@firebase/remote-config-compat/-/remote-config-compat-0.2.9.tgz 7194ms (cache miss)
2785 http fetch GET 200 https://registry.npmjs.org/@floating-ui/utils/-/utils-0.2.11.tgz 7355ms (cache miss)
2786 http fetch GET 200 https://registry.npmjs.org/@firebase/database/-/database-1.0.8.tgz 7458ms (cache miss)
2787 http fetch GET 200 https://registry.npmjs.org/@tanstack/react-virtual/-/react-virtual-3.14.5.tgz 7485ms (cache miss)
2788 http fetch GET 200 https://registry.npmjs.org/@types/react/-/react-18.3.31.tgz 7611ms (cache miss)
2789 http fetch GET 200 https://registry.npmjs.org/react/-/react-18.3.1.tgz 7611ms (cache miss)
2790 http fetch GET 200 https://registry.npmjs.org/@types/react-dom/-/react-dom-18.3.7.tgz 7660ms (cache miss)
2791 http fetch GET 200 https://registry.npmjs.org/@floating-ui/react/-/react-0.26.28.tgz 7802ms (cache miss)
2792 http fetch GET 200 https://registry.npmjs.org/glob-parent/-/glob-parent-5.1.2.tgz 7985ms (cache miss)
2793 http fetch GET 200 https://registry.npmjs.org/react-hook-form/-/react-hook-form-7.80.0.tgz 8009ms (cache miss)
2794 http fetch GET 200 https://registry.npmjs.org/fdir/-/fdir-6.5.0.tgz 8019ms (cache miss)
2795 http fetch GET 200 https://registry.npmjs.org/glob-parent/-/glob-parent-5.1.2.tgz 8068ms (cache miss)
2796 http fetch GET 200 https://registry.npmjs.org/react-is/-/react-is-16.13.1.tgz 8135ms (cache miss)
2797 http fetch GET 200 https://registry.npmjs.org/@headlessui/react/-/react-2.2.10.tgz 8638ms (cache miss)
2798 http fetch GET 200 https://registry.npmjs.org/framer-motion/-/framer-motion-11.18.2.tgz 8765ms (cache miss)
2799 http fetch GET 200 https://registry.npmjs.org/@swc/helpers/-/helpers-0.5.23.tgz 9037ms (cache miss)
2800 http fetch GET 200 https://registry.npmjs.org/picomatch/-/picomatch-4.0.5.tgz 9062ms (cache miss)
2801 http fetch GET 200 https://registry.npmjs.org/@vitejs/plugin-react/-/plugin-react-4.7.0.tgz 9200ms (cache miss)
2802 http fetch GET 200 https://registry.npmjs.org/undici 9059ms (cache miss)
2803 silly packumentCache corgi:https://registry.npmjs.org/undici set size:undefined disposed:false
2804 http fetch GET 200 https://registry.npmjs.org/vite/-/vite-5.4.21.tgz 9316ms (cache miss)
2805 http fetch GET 200 https://registry.npmjs.org/tailwindcss/-/tailwindcss-3.4.19.tgz 9661ms (cache miss)
2806 http fetch GET 200 https://registry.npmjs.org/lucide-react/-/lucide-react-0.395.0.tgz 9847ms (cache miss)
2807 http fetch GET 200 https://registry.npmjs.org/recharts/-/recharts-2.15.4.tgz 9917ms (cache miss)
2808 warn deprecated recharts@2.15.4: 1.x and 2.x branches are no longer active. Bump to Recharts v3 to receive latest features and bugfixes. See https://github.com/recharts/recharts/wiki/3.0-migration-guide
2809 http fetch GET 200 https://registry.npmjs.org/react-dom/-/react-dom-18.3.1.tgz 10036ms (cache miss)
2810 http fetch GET 200 https://registry.npmjs.org/react-aria/-/react-aria-3.50.0.tgz 10135ms (cache miss)
2811 http fetch GET 200 https://registry.npmjs.org/vite 10214ms (cache miss)
2812 silly packumentCache corgi:https://registry.npmjs.org/vite set size:undefined disposed:false
2813 http fetch GET 200 https://registry.npmjs.org/esbuild 10482ms (cache miss)
2814 silly packumentCache corgi:https://registry.npmjs.org/esbuild set size:undefined disposed:false
2815 silly packumentCache corgi:https://registry.npmjs.org/@vitejs%2fplugin-react cache-miss
2816 http fetch GET 200 https://registry.npmjs.org/@vitejs%2fplugin-react 113ms (cache miss)
2817 silly packumentCache corgi:https://registry.npmjs.org/@vitejs%2fplugin-react set size:undefined disposed:false
2818 silly packumentCache corgi:https://registry.npmjs.org/@firebase%2fauth cache-miss
2819 silly packumentCache corgi:https://registry.npmjs.org/@firebase%2fauth-compat cache-miss
2820 silly packumentCache corgi:https://registry.npmjs.org/@firebase%2ffirestore cache-miss
2821 silly packumentCache corgi:https://registry.npmjs.org/@firebase%2ffunctions cache-miss
2822 silly packumentCache corgi:https://registry.npmjs.org/@firebase%2fstorage cache-miss
2823 http fetch GET 200 https://registry.npmjs.org/@firebase/firestore/-/firestore-4.7.3.tgz 11532ms (cache miss)
2824 http fetch GET 200 https://registry.npmjs.org/@firebase/auth/-/auth-1.7.9.tgz 12600ms (cache miss)
2825 http fetch GET 200 https://registry.npmjs.org/@firebase%2fauth-compat 1829ms (cache miss)
2826 silly packumentCache corgi:https://registry.npmjs.org/@firebase%2fauth-compat set size:undefined disposed:false
2827 http fetch GET 200 https://registry.npmjs.org/@firebase%2ffirestore 4260ms (cache miss)
2828 silly packumentCache corgi:https://registry.npmjs.org/@firebase%2ffirestore set size:undefined disposed:false
2829 http fetch GET 200 https://registry.npmjs.org/@firebase%2fstorage 4628ms (cache miss)
2830 silly packumentCache corgi:https://registry.npmjs.org/@firebase%2fstorage set size:undefined disposed:false
2831 http fetch GET 200 https://registry.npmjs.org/typescript/-/typescript-5.9.3.tgz 16044ms (cache miss)
2832 http fetch GET 200 https://registry.npmjs.org/@firebase%2fauth 6023ms (cache miss)
2833 silly packumentCache corgi:https://registry.npmjs.org/@firebase%2fauth set size:undefined disposed:false
2834 http fetch GET 200 https://registry.npmjs.org/@firebase%2ffunctions 6270ms (cache miss)
2835 silly packumentCache corgi:https://registry.npmjs.org/@firebase%2ffunctions set size:undefined disposed:false
2836 silly packumentCache corgi:https://registry.npmjs.org/firebase cache-miss
2837 http fetch GET 200 https://registry.npmjs.org/firebase/-/firebase-10.14.1.tgz 17492ms (cache miss)
2838 http fetch GET 200 https://registry.npmjs.org/@firebase/auth/-/auth-1.7.9.tgz 18385ms (cache miss)
2839 info run fsevents@2.3.3 install node_modules/fsevents node-gyp rebuild
2840 http fetch GET 200 https://registry.npmjs.org/firebase 1511ms (cache miss)
2841 silly packumentCache corgi:https://registry.npmjs.org/firebase set size:undefined disposed:false
2842 info run fsevents@2.3.3 install { code: 1, signal: null }
2843 verbose reify failed optional dependency /Users/thavish/.gemini/antigravity/scratch/college-placement-portal/node_modules/fsevents
2844 silly reify mark deleted [
2844 silly reify   '/Users/thavish/.gemini/antigravity/scratch/college-placement-portal/node_modules/fsevents'
2844 silly reify ]
2845 info run esbuild@0.21.5 postinstall node_modules/esbuild node install.js
2846 info run protobufjs@7.6.4 postinstall node_modules/protobufjs node scripts/postinstall
2847 silly packumentCache corgi:https://registry.npmjs.org/@firebase%2ffirestore-compat cache-miss
2848 info run esbuild@0.21.5 postinstall { code: 0, signal: null }
2849 info run protobufjs@7.6.4 postinstall { code: 0, signal: null }
2850 http fetch GET 200 https://registry.npmjs.org/@firebase%2ffirestore-compat 10662ms (cache miss)
2851 silly packumentCache corgi:https://registry.npmjs.org/@firebase%2ffirestore-compat set size:undefined disposed:false
2852 silly packumentCache corgi:https://registry.npmjs.org/@firebase%2fstorage-compat cache-miss
2853 http fetch GET 200 https://registry.npmjs.org/@firebase%2fstorage-compat 8947ms (cache miss)
2854 silly packumentCache corgi:https://registry.npmjs.org/@firebase%2fstorage-compat set size:undefined disposed:false
2855 silly packumentCache corgi:https://registry.npmjs.org/@firebase%2ffunctions-compat cache-miss
2856 http fetch GET 200 https://registry.npmjs.org/@firebase%2ffunctions-compat 8967ms (cache miss)
2857 silly packumentCache corgi:https://registry.npmjs.org/@firebase%2ffunctions-compat set size:undefined disposed:false
2858 silly ADD node_modules/color-name
2859 silly ADD node_modules/color-convert
2860 silly ADD node_modules/ansi-styles
2861 silly ADD node_modules/ansi-regex
2862 silly ADD node_modules/is-fullwidth-code-point
2863 silly ADD node_modules/emoji-regex
2864 silly ADD node_modules/wrap-ansi
2865 silly ADD node_modules/strip-ansi
2866 silly ADD node_modules/yargs-parser
2867 silly ADD node_modules/y18n
2868 silly ADD node_modules/string-width
2869 silly ADD node_modules/require-directory
2870 silly ADD node_modules/get-caller-file
2871 silly ADD node_modules/cliui
2872 silly ADD node_modules/websocket-extensions
2873 silly ADD node_modules/safe-buffer
2874 silly ADD node_modules/http-parser-js
2875 silly ADD node_modules/@types/estree
2876 silly ADD node_modules/@rollup/rollup-darwin-arm64
2877 silly ADD node_modules/@esbuild/darwin-arm64
2878 silly ADD node_modules/rollup
2879 silly ADD node_modules/esbuild
2880 silly ADD node_modules/d3-path
2881 silly ADD node_modules/d3-time-format
2882 silly ADD node_modules/d3-format
2883 silly ADD node_modules/d3-color
2884 silly ADD node_modules/internmap
2885 silly ADD node_modules/@types/d3-path
2886 silly ADD node_modules/@types/d3-color
2887 silly ADD node_modules/d3-timer
2888 silly ADD node_modules/d3-time
2889 silly ADD node_modules/d3-shape
2890 silly ADD node_modules/d3-scale
2891 silly ADD node_modules/d3-interpolate
2892 silly ADD node_modules/d3-ease
2893 silly ADD node_modules/d3-array
2894 silly ADD node_modules/@types/d3-timer
2895 silly ADD node_modules/@types/d3-time
2896 silly ADD node_modules/@types/d3-shape
2897 silly ADD node_modules/@types/d3-scale
2898 silly ADD node_modules/@types/d3-interpolate
2899 silly ADD node_modules/@types/d3-ease
2900 silly ADD node_modules/@types/d3-array
2901 silly ADD node_modules/escalade
2902 silly ADD node_modules/is-number
2903 silly ADD node_modules/thenify
2904 silly ADD node_modules/thenify-all
2905 silly ADD node_modules/any-promise
2906 silly ADD node_modules/ts-interface-checker
2907 silly ADD node_modules/tinyglobby
2908 silly ADD node_modules/tinyglobby/node_modules/picomatch
2909 silly ADD node_modules/tinyglobby/node_modules/fdir
2910 silly ADD node_modules/pirates
2911 silly ADD node_modules/mz
2912 silly ADD node_modules/lines-and-columns
2913 silly ADD node_modules/commander
2914 silly ADD node_modules/queue-microtask
2915 silly ADD node_modules/function-bind
2916 silly ADD node_modules/hasown
2917 silly ADD node_modules/supports-preserve-symlinks-flag
2918 silly ADD node_modules/path-parse
2919 silly ADD node_modules/is-core-module
2920 silly ADD node_modules/es-errors
2921 silly ADD node_modules/pify
2922 silly ADD node_modules/util-deprecate
2923 silly ADD node_modules/cssesc
2924 silly ADD node_modules/camelcase-css
2925 silly ADD node_modules/read-cache
2926 silly ADD node_modules/is-extglob
2927 silly ADD node_modules/binary-extensions
2928 silly ADD node_modules/to-regex-range
2929 silly ADD node_modules/reusify
2930 silly ADD node_modules/run-parallel
2931 silly ADD node_modules/fastq
2932 silly ADD node_modules/@nodelib/fs.scandir
2933 silly ADD node_modules/merge2
2934 silly ADD node_modules/@nodelib/fs.walk
2935 silly ADD node_modules/@nodelib/fs.stat
2936 silly ADD node_modules/fill-range
2937 silly ADD node_modules/picomatch
2938 silly ADD node_modules/readdirp
2939 silly ADD node_modules/is-binary-path
2940 silly ADD
2941 silly ADD node_modules/braces
2942 silly ADD node_modules/anymatch
2943 silly ADD node_modules/sucrase
2944 silly ADD node_modules/resolve
2945 silly ADD node_modules/postcss-selector-parser
2946 silly ADD node_modules/postcss-nested
2947 silly ADD node_modules/postcss-load-config
2948 silly ADD node_modules/postcss-js
2949 silly ADD node_modules/postcss-import
2950 silly ADD node_modules/object-hash
2951 silly ADD node_modules/normalize-path
2952 silly ADD node_modules/micromatch
2953 silly ADD node_modules/lilconfig
2954 silly ADD node_modules/jiti
2955 silly ADD node_modules/is-glob
2956 silly ADD node_modules/glob-parent
2957 silly ADD node_modules/fast-glob
2958 silly ADD node_modules/fast-glob/node_modules/glob-parent
2959 silly ADD node_modules/dlv
2960 silly ADD node_modules/didyoumean
2961 silly ADD node_modules/chokidar
2962 silly ADD node_modules/chokidar/node_modules/glob-parent
2963 silly ADD node_modules/arg
2964 silly ADD node_modules/@alloc/quick-lru
2965 silly ADD node_modules/decimal.js-light
2966 silly ADD node_modules/dom-helpers
2967 silly ADD node_modules/@babel/runtime
2968 silly ADD node_modules/object-assign
2969 silly ADD node_modules/react-transition-group
2970 silly ADD node_modules/prop-types
2971 silly ADD node_modules/prop-types/node_modules/react-is
2972 silly ADD node_modules/fast-equals
2973 silly ADD node_modules/victory-vendor
2974 silly ADD node_modules/tiny-invariant
2975 silly ADD node_modules/recharts-scale
2976 silly ADD node_modules/react-smooth
2977 silly ADD node_modules/react-is
2978 silly ADD node_modules/lodash
2979 silly ADD node_modules/eventemitter3
2980 silly ADD node_modules/react-router
2981 silly ADD node_modules/@remix-run/router
2982 silly ADD node_modules/goober
2983 silly ADD node_modules/scheduler
2984 silly ADD node_modules/react-stately
2985 silly ADD node_modules/clsx
2986 silly ADD node_modules/aria-hidden
2987 silly ADD node_modules/@internationalized/string
2988 silly ADD node_modules/@internationalized/number
2989 silly ADD node_modules/@internationalized/date
2990 silly ADD node_modules/loose-envify
2991 silly ADD node_modules/@protobufjs/utf8
2992 silly ADD node_modules/@protobufjs/pool
2993 silly ADD node_modules/@protobufjs/path
2994 silly ADD node_modules/@protobufjs/float
2995 silly ADD node_modules/@protobufjs/fetch
2996 silly ADD node_modules/@protobufjs/eventemitter
2997 silly ADD node_modules/@protobufjs/codegen
2998 silly ADD node_modules/@protobufjs/base64
2999 silly ADD node_modules/@protobufjs/aspromise
3000 silly ADD node_modules/source-map-js
3001 silly ADD node_modules/nanoid
3002 silly ADD node_modules/yallist
3003 silly ADD node_modules/motion-utils
3004 silly ADD node_modules/motion-dom
3005 silly ADD node_modules/websocket-driver
3006 silly ADD node_modules/undici-types
3007 silly ADD node_modules/yargs
3008 silly ADD node_modules/protobufjs
3009 silly ADD node_modules/long
3010 silly ADD node_modules/lodash.camelcase
3011 silly ADD node_modules/@types/node
3012 silly ADD node_modules/@firebase/storage-types
3013 silly ADD node_modules/@firebase/remote-config-types
3014 silly ADD node_modules/@firebase/performance-types
3015 silly ADD node_modules/@firebase/installations-types
3016 silly ADD node_modules/@firebase/functions-types
3017 silly ADD node_modules/@firebase/messaging-interop-types
3018 silly ADD node_modules/@firebase/firestore-types
3019 silly ADD node_modules/@grpc/proto-loader
3020 silly ADD node_modules/@grpc/grpc-js
3021 silly ADD node_modules/@firebase/webchannel-wrapper
3022 silly ADD node_modules/@firebase/database-types
3023 silly ADD node_modules/faye-websocket
3024 silly ADD node_modules/@firebase/app-check-interop-types
3025 silly ADD node_modules/@firebase/auth-interop-types
3026 silly ADD node_modules/undici
3027 silly ADD node_modules/@firebase/auth-types
3028 silly ADD node_modules/@firebase/app-check-types
3029 silly ADD node_modules/idb
3030 silly ADD node_modules/@firebase/analytics-types
3031 silly ADD node_modules/@firebase/logger
3032 silly ADD node_modules/@firebase/component
3033 silly ADD node_modules/@firebase/vertexai-preview
3034 silly ADD node_modules/@firebase/util
3035 silly ADD node_modules/@firebase/storage-compat
3036 silly ADD node_modules/@firebase/storage
3037 silly ADD node_modules/@firebase/remote-config-compat
3038 silly ADD node_modules/@firebase/remote-config
3039 silly ADD node_modules/@firebase/performance-compat
3040 silly ADD node_modules/@firebase/performance
3041 silly ADD node_modules/@firebase/messaging-compat
3042 silly ADD node_modules/@firebase/messaging
3043 silly ADD node_modules/@firebase/installations-compat
3044 silly ADD node_modules/@firebase/installations
3045 silly ADD node_modules/@firebase/functions-compat
3046 silly ADD node_modules/@firebase/functions
3047 silly ADD node_modules/@firebase/firestore-compat
3048 silly ADD node_modules/@firebase/firestore
3049 silly ADD node_modules/@firebase/database-compat
3050 silly ADD node_modules/@firebase/database
3051 silly ADD node_modules/@firebase/data-connect
3052 silly ADD node_modules/@firebase/auth-compat
3053 silly ADD node_modules/@firebase/auth-compat/node_modules/@firebase/auth
3054 silly ADD node_modules/@firebase/app-types
3055 silly ADD node_modules/@firebase/app-check-compat
3056 silly ADD node_modules/@firebase/app-check
3057 silly ADD node_modules/@firebase/app-compat
3058 silly ADD node_modules/@firebase/analytics-compat
3059 silly ADD node_modules/@firebase/app
3060 silly ADD node_modules/@firebase/analytics
3061 silly ADD node_modules/ms
3062 silly ADD node_modules/update-browserslist-db
3063 silly ADD node_modules/node-releases
3064 silly ADD node_modules/electron-to-chromium
3065 silly ADD node_modules/baseline-browser-mapping
3066 silly ADD node_modules/postcss-value-parser
3067 silly ADD node_modules/fraction.js
3068 silly ADD node_modules/caniuse-lite
3069 silly ADD node_modules/@types/babel__traverse
3070 silly ADD node_modules/@types/babel__template
3071 silly ADD node_modules/@types/babel__generator
3072 silly ADD node_modules/@jridgewell/resolve-uri
3073 silly ADD node_modules/@jridgewell/sourcemap-codec
3074 silly ADD node_modules/@babel/helper-string-parser
3075 silly ADD node_modules/@babel/helper-globals
3076 silly ADD node_modules/@babel/helper-plugin-utils
3077 silly ADD node_modules/@babel/helper-module-imports
3078 silly ADD node_modules/lru-cache
3079 silly ADD node_modules/browserslist
3080 silly ADD node_modules/@babel/helper-validator-option
3081 silly ADD node_modules/@babel/compat-data
3082 silly ADD node_modules/jsesc
3083 silly ADD node_modules/@jridgewell/trace-mapping
3084 silly ADD node_modules/@jridgewell/gen-mapping
3085 silly ADD node_modules/picocolors
3086 silly ADD node_modules/js-tokens
3087 silly ADD node_modules/@babel/helper-validator-identifier
3088 silly ADD node_modules/semver
3089 silly ADD node_modules/json5
3090 silly ADD node_modules/gensync
3091 silly ADD node_modules/debug
3092 silly ADD node_modules/convert-source-map
3093 silly ADD node_modules/@jridgewell/remapping
3094 silly ADD node_modules/@babel/types
3095 silly ADD node_modules/@babel/traverse
3096 silly ADD node_modules/@babel/template
3097 silly ADD node_modules/@babel/parser
3098 silly ADD node_modules/@babel/helpers
3099 silly ADD node_modules/@babel/helper-module-transforms
3100 silly ADD node_modules/@babel/helper-compilation-targets
3101 silly ADD node_modules/@babel/generator
3102 silly ADD node_modules/@babel/code-frame
3103 silly ADD node_modules/react-refresh
3104 silly ADD node_modules/@types/babel__core
3105 silly ADD node_modules/@rolldown/pluginutils
3106 silly ADD node_modules/@babel/plugin-transform-react-jsx-source
3107 silly ADD node_modules/@babel/plugin-transform-react-jsx-self
3108 silly ADD node_modules/@babel/core
3109 silly ADD node_modules/csstype
3110 silly ADD node_modules/@types/prop-types
3111 silly ADD node_modules/@tanstack/virtual-core
3112 silly ADD node_modules/tslib
3113 silly ADD node_modules/@react-types/shared
3114 silly ADD node_modules/react-aria
3115 silly ADD node_modules/@swc/helpers
3116 silly ADD node_modules/@floating-ui/core
3117 silly ADD node_modules/@floating-ui/dom
3118 silly ADD node_modules/tabbable
3119 silly ADD node_modules/@floating-ui/utils
3120 silly ADD node_modules/@floating-ui/react-dom
3121 silly ADD node_modules/use-sync-external-store
3122 silly ADD node_modules/@tanstack/react-virtual
3123 silly ADD node_modules/@react-aria/interactions
3124 silly ADD node_modules/@react-aria/focus
3125 silly ADD node_modules/@floating-ui/react
3126 silly ADD node_modules/typescript
3127 silly ADD node_modules/tailwindcss
3128 silly ADD node_modules/recharts
3129 silly ADD node_modules/react-router-dom
3130 silly ADD node_modules/react-hot-toast
3131 silly ADD node_modules/react-hook-form
3132 silly ADD node_modules/lucide-react
3133 silly ADD node_modules/framer-motion
3134 silly ADD node_modules/firebase
3135 silly ADD node_modules/firebase/node_modules/@firebase/auth
3136 silly ADD node_modules/postcss
3137 silly ADD node_modules/autoprefixer
3138 silly ADD node_modules/vite
3139 silly ADD node_modules/@vitejs/plugin-react
3140 silly ADD node_modules/@types/react-dom
3141 silly ADD node_modules/@types/react
3142 silly ADD node_modules/react-dom
3143 silly ADD node_modules/react
3144 silly ADD node_modules/@headlessui/react
3145 verbose cwd /Users/thavish/.gemini/antigravity/scratch/college-placement-portal
3146 verbose os Darwin 25.5.0
3147 verbose node v24.17.0
3148 verbose npm  v11.13.0
3149 notice
3149 notice New minor version of npm available! 11.13.0 -> 11.18.0
3149 notice Changelog: https://github.com/npm/cli/releases/tag/v11.18.0
3149 notice To update run: npm install -g npm@11.18.0
3149 notice  { force: true, Symbol(proc-log.meta): true }
3150 verbose exit 0
3151 info ok
